AÑO DEL REPORTE DE INFORMACION;PERIODO DE LA INFORMACION REMITIDA;FECHA DE REPORTE DE LA INFORMACIÓN;CODIGO DE LA ENTIDAD ;NOMBRE DEL PROGRAMA ;CODIGO DE LINEA;NOMBRE DE LA LINEA DE INTERVENCION ;CODIGO DE SERVICIO;NOMBRE DEL SERVICIO;UBIGEO DE SU UBICACIÓN GEOGRÁFICA SEGÚN EL INEI;DEPARTAMENTO DEL CENTRO DE ATENCIÓN;PROVINCIA DEL CENTRO DE ATENCIÓN;DISTRITO DEL CENTRO DE ATENCIÓN;CODIGO DEL CAR;NOMBRE DEL CAR;N° DE CAR;N° DE POBLACION ATENDIDA - TOTAL;N° DE POBLACION ATENDIDA - HOMBRES;N° DE POBLACION ATENDIDA - MUJERES;N° DE POBLACION ATENDIDA - <1 - TOTAL;N° DE POBLACION ATENDIDA - <1 - HOMBRES;N° DE POBLACION ATENDIDA - <1 - MUJERES;N° DE POBLACION ATENDIDA - 1_5- TOTAL;N° DE POBLACION ATENDIDA - 1_5 - HOMBRES;N° DE POBLACION ATENDIDA - 1_5 - MUJERES;N° DE POBLACION ATENDIDA - 6_11 - TOTAL;N° DE POBLACION ATENDIDA - 6_11 - HOMBRES;N° DE POBLACION ATENDIDA - 6_11 - MUJERES;N° DE POBLACION ATENDIDA - 12_17 - TOTAL;N° DE POBLACION ATENDIDA - 12_17 - HOMBRES;N° DE POBLACION ATENDIDA - 12_17 - MUJERES;N° DE POBLACION ATENDIDA - 18_MAS - TOTAL;N° DE POBLACION ATENDIDA - 18_MAS - HOMBRES;N° DE POBLACION ATENDIDA - 18_MAS - MUJERES;N° POBLACION EN REINSERCIÓN FAMILIAR
2012;ENE - DIC;05/01/2013;ENT002;PROGRAMA INTEGRAL NACIONAL PARA EL BIENESTAR FAMILIAR;LIN001;PROTECCIÓN INTEGRAL;SER007;CENTRO DE ACOGIDA RESIDENCIAL - USPNNA;070102;CALLAO;CALLAO;BELLAVISTA;220100;HOGAR SAN ANTONIO;1;76;54;22;0;;;3;;;52;;;19;;;2;;;5
2012;ENE - DIC;05/01/2013;ENT002;PROGRAMA INTEGRAL NACIONAL PARA EL BIENESTAR FAMILIAR;LIN001;PROTECCIÓN INTEGRAL;SER007;CENTRO DE ACOGIDA RESIDENCIAL - USPNNA;150101;LIMA METROPOLITANA;LIMA;LIMA;220200;HOGAR SAN FRANCISCO DE ASÍS;1;41;41;0;0;;;0;;;0;;;30;;;11;;;3
2012;ENE - DIC;05/01/2013;ENT002;PROGRAMA INTEGRAL NACIONAL PARA EL BIENESTAR FAMILIAR;LIN001;PROTECCIÓN INTEGRAL;SER007;CENTRO DE ACOGIDA RESIDENCIAL - USPNNA;150136;LIMA METROPOLITANA;LIMA;SAN MIGUEL;220300;HOGAR ERMELINDA CARRERA;1;172;0;172;0;;;0;;;1;;;142;;;29;;;35
2012;ENE - DIC;05/01/2013;ENT002;PROGRAMA INTEGRAL NACIONAL PARA EL BIENESTAR FAMILIAR;LIN001;PROTECCIÓN INTEGRAL;SER007;CENTRO DE ACOGIDA RESIDENCIAL - USPNNA;150136;LIMA METROPOLITANA;LIMA;SAN MIGUEL;220400;HOGAR DIVINO JESÚS;1;69;45;24;19;;;48;;;2;;;0;;;0;;;3
2012;ENE - DIC;05/01/2013;ENT002;PROGRAMA INTEGRAL NACIONAL PARA EL BIENESTAR FAMILIAR;LIN001;PROTECCIÓN INTEGRAL;SER007;CENTRO DE ACOGIDA RESIDENCIAL - USPNNA;150121;LIMA METROPOLITANA;LIMA;MAGDALENA VIEJA;220500;HOGAR ARCO IRIS;1;39;15;24;0;;;17;;;22;;;0;;;0;;;12
2012;ENE - DIC;05/01/2013;ENT002;PROGRAMA INTEGRAL NACIONAL PARA EL BIENESTAR FAMILIAR;LIN001;PROTECCIÓN INTEGRAL;SER007;CENTRO DE ACOGIDA RESIDENCIAL - USPNNA;150136;LIMA METROPOLITANA;LIMA;SAN MIGUEL;220600;CASAS HOGAR SAN MIGUEL ARCÁNGEL;1;76;40;36;0;;;14;;;33;;;27;;;2;;;9
2012;ENE - DIC;05/01/2013;ENT002;PROGRAMA INTEGRAL NACIONAL PARA EL BIENESTAR FAMILIAR;LIN001;PROTECCIÓN INTEGRAL;SER007;CENTRO DE ACOGIDA RESIDENCIAL - USPNNA;070101;CALLAO;CALLAO;CALLAO;220700;CASA DE LA MUJER Y PROMOCIÓN COMUNAL SANTA ROSA;1;213;90;123;13;;;123;;;0;;;40;;;37;;;28
2012;ENE - DIC;05/01/2013;ENT002;PROGRAMA INTEGRAL NACIONAL PARA EL BIENESTAR FAMILIAR;LIN001;PROTECCIÓN INTEGRAL;SER007;CENTRO DE ACOGIDA RESIDENCIAL - USPNNA;150117;LIMA METROPOLITANA;LIMA;LOS OLIVOS;220800;CASAS HOGAR SAGRADO CORAZÓN;1;36;0;36;0;;;0;;;1;;;31;;;4;;;7
2012;ENE - DIC;05/01/2013;ENT002;PROGRAMA INTEGRAL NACIONAL PARA EL BIENESTAR FAMILIAR;LIN001;PROTECCIÓN INTEGRAL;SER007;CENTRO DE ACOGIDA RESIDENCIAL - USPNNA;150103;LIMA METROPOLITANA;LIMA;ATE;221000;HOGAR REINA DE LA PAZ - SANTA RITA DE CASIA;1;43;11;32;8;;;14;;;0;;;17;;;4;;;14
2012;ENE - DIC;05/01/2013;ENT002;PROGRAMA INTEGRAL NACIONAL PARA EL BIENESTAR FAMILIAR;LIN001;PROTECCIÓN INTEGRAL;SER007;CENTRO DE ACOGIDA RESIDENCIAL - USPNNA;150103;LIMA METROPOLITANA;LIMA;ATE;221100;HOGAR ALDEA INFANTIL SAN RICARDO;1;93;60;33;0;;;6;;;36;;;50;;;1;;;11
2012;ENE - DIC;05/01/2013;ENT002;PROGRAMA INTEGRAL NACIONAL PARA EL BIENESTAR FAMILIAR;LIN001;PROTECCIÓN INTEGRAL;SER007;CENTRO DE ACOGIDA RESIDENCIAL - USPNNA;150103;LIMA METROPOLITANA;LIMA;ATE;221200;HOGAR CASA ESTANCIA DOMI;1;31;5;26;10;;;3;;;0;;;18;;;0;;;7
2012;ENE - DIC;05/01/2013;ENT002;PROGRAMA INTEGRAL NACIONAL PARA EL BIENESTAR FAMILIAR;LIN001;PROTECCIÓN INTEGRAL;SER007;CENTRO DE ACOGIDA RESIDENCIAL - USPNNA;150108;LIMA METROPOLITANA;LIMA;CHORRILLOS;222100;HOGAR NIÑO JESÚS DE PRAGA - CHORRILLOS;1;29;2;27;0;;;3;;;20;;;6;;;0;;;17
2012;ENE - DIC;05/01/2013;ENT002;PROGRAMA INTEGRAL NACIONAL PARA EL BIENESTAR FAMILIAR;LIN001;PROTECCIÓN INTEGRAL;SER007;CENTRO DE ACOGIDA RESIDENCIAL - USPNNA;021809;ÁNCASH;SANTA;NUEVO CHIMBOTE;230100;HOGAR SAN PEDRITO;1;47;26;21;1;;;8;;;13;;;22;;;3;;;5
2012;ENE - DIC;05/01/2013;ENT002;PROGRAMA INTEGRAL NACIONAL PARA EL BIENESTAR FAMILIAR;LIN001;PROTECCIÓN INTEGRAL;SER007;CENTRO DE ACOGIDA RESIDENCIAL - USPNNA;040101;AREQUIPA;AREQUIPA;AREQUIPA;230200;HOGAR SAN LUIS GONZAGA;1;70;70;0;0;;;0;;;8;;;58;;;4;;;38
2012;ENE - DIC;05/01/2013;ENT002;PROGRAMA INTEGRAL NACIONAL PARA EL BIENESTAR FAMILIAR;LIN001;PROTECCIÓN INTEGRAL;SER007;CENTRO DE ACOGIDA RESIDENCIAL - USPNNA;040101;AREQUIPA;AREQUIPA;AREQUIPA;230300;HOGAR SAN JOSÉ AREQUIPA;1;35;0;35;0;;;0;;;1;;;31;;;3;;;9
2012;ENE - DIC;05/01/2013;ENT002;PROGRAMA INTEGRAL NACIONAL PARA EL BIENESTAR FAMILIAR;LIN001;PROTECCIÓN INTEGRAL;SER007;CENTRO DE ACOGIDA RESIDENCIAL - USPNNA;050101;AYACUCHO;HUAMANGA;AYACUCHO;230500;HOGAR URPI;1;26;26;0;0;;;0;;;14;;;12;;;0;;;20
2012;ENE - DIC;05/01/2013;ENT002;PROGRAMA INTEGRAL NACIONAL PARA EL BIENESTAR FAMILIAR;LIN001;PROTECCIÓN INTEGRAL;SER007;CENTRO DE ACOGIDA RESIDENCIAL - USPNNA;080101;CUSCO;CUSCO;CUSCO;230600;HOGAR BUEN PASTOR;1;45;0;45;0;;;0;;;3;;;41;;;1;;;33
2012;ENE - DIC;05/01/2013;ENT002;PROGRAMA INTEGRAL NACIONAL PARA EL BIENESTAR FAMILIAR;LIN001;PROTECCIÓN INTEGRAL;SER007;CENTRO DE ACOGIDA RESIDENCIAL - USPNNA;080106;CUSCO;CUSCO;SANTIAGO;230700;HOGAR JESÚS MI LUZ;1;40;40;0;0;;;0;;;13;;;26;;;1;;;14
2012;ENE - DIC;05/01/2013;ENT002;PROGRAMA INTEGRAL NACIONAL PARA EL BIENESTAR FAMILIAR;LIN001;PROTECCIÓN INTEGRAL;SER007;CENTRO DE ACOGIDA RESIDENCIAL - USPNNA;100601;HUÁNUCO;LEONCIO PRADO;RUPA-RUPA;230800;HOGAR SANTA TERESITA DEL NIÑO JESÚS;1;58;28;30;0;;;5;;;17;;;36;;;0;;;34
2012;ENE - DIC;05/01/2013;ENT002;PROGRAMA INTEGRAL NACIONAL PARA EL BIENESTAR FAMILIAR;LIN001;PROTECCIÓN INTEGRAL;SER007;CENTRO DE ACOGIDA RESIDENCIAL - USPNNA;100101;HUÁNUCO;HUÁNUCO;HUÁNUCO;230900;HOGAR PILLCO MOZO;1;43;29;14;0;;;2;;;28;;;13;;;0;;;18
2012;ENE - DIC;05/01/2013;ENT002;PROGRAMA INTEGRAL NACIONAL PARA EL BIENESTAR FAMILIAR;LIN001;PROTECCIÓN INTEGRAL;SER007;CENTRO DE ACOGIDA RESIDENCIAL - USPNNA;110101;ICA;ICA;ICA;231000;HOGAR SEÑOR DE LUREN;1;39;39;0;0;;;0;;;15;;;24;;;0;;;6
2012;ENE - DIC;05/01/2013;ENT002;PROGRAMA INTEGRAL NACIONAL PARA EL BIENESTAR FAMILIAR;LIN001;PROTECCIÓN INTEGRAL;SER007;CENTRO DE ACOGIDA RESIDENCIAL - USPNNA;110201;ICA;CHINCHA;CHINCHA ALTA;231100;HOGAR PAÚL HARRIS;1;67;0;67;0;;;0;;;11;;;55;;;1;;;15
2012;ENE - DIC;05/01/2013;ENT002;PROGRAMA INTEGRAL NACIONAL PARA EL BIENESTAR FAMILIAR;LIN001;PROTECCIÓN INTEGRAL;SER007;CENTRO DE ACOGIDA RESIDENCIAL - USPNNA;120114;JUNÍN;HUANCAYO;EL TAMBO;231200;HOGAR ANDRÉS AVELINO CÁCERES;1;35;35;0;0;;;0;;;7;;;23;;;5;;;10
2012;ENE - DIC;05/01/2013;ENT002;PROGRAMA INTEGRAL NACIONAL PARA EL BIENESTAR FAMILIAR;LIN001;PROTECCIÓN INTEGRAL;SER007;CENTRO DE ACOGIDA RESIDENCIAL - USPNNA;130111;LA LIBERTAD;TRUJILLO;VÍCTOR LARCO HERRERA;231300;HOGAR LA NIÑA;1;49;0;49;0;;;0;;;4;;;43;;;2;;;24
2012;ENE - DIC;05/01/2013;ENT002;PROGRAMA INTEGRAL NACIONAL PARA EL BIENESTAR FAMILIAR;LIN001;PROTECCIÓN INTEGRAL;SER007;CENTRO DE ACOGIDA RESIDENCIAL - USPNNA;130101;LA LIBERTAD;TRUJILLO;TRUJILLO;231400;HOGAR SAN JOSÉ;1;36;36;0;0;;;0;;;5;;;27;;;4;;;17
2012;ENE - DIC;05/01/2013;ENT002;PROGRAMA INTEGRAL NACIONAL PARA EL BIENESTAR FAMILIAR;LIN001;PROTECCIÓN INTEGRAL;SER007;CENTRO DE ACOGIDA RESIDENCIAL - USPNNA;140101;LAMBAYEQUE;CHICLAYO;CHICLAYO;231500;HOGAR ROSA MARÍA CHECA;1;52;0;52;0;;;0;;;1;;;50;;;1;;;19
2012;ENE - DIC;05/01/2013;ENT002;PROGRAMA INTEGRAL NACIONAL PARA EL BIENESTAR FAMILIAR;LIN001;PROTECCIÓN INTEGRAL;SER007;CENTRO DE ACOGIDA RESIDENCIAL - USPNNA;140101;LAMBAYEQUE;CHICLAYO;CHICLAYO;231600;HOGAR SAN VICENTE DE PAÚL;1;21;21;0;0;;;0;;;15;;;6;;;0;;;3
2012;ENE - DIC;05/01/2013;ENT002;PROGRAMA INTEGRAL NACIONAL PARA EL BIENESTAR FAMILIAR;LIN001;PROTECCIÓN INTEGRAL;SER007;CENTRO DE ACOGIDA RESIDENCIAL - USPNNA;140112;LAMBAYEQUE;CHICLAYO;PIMENTEL;231700;HOGAR SAN JUAN BOSCO;1;41;41;0;0;;;0;;;0;;;32;;;9;;;19
2012;ENE - DIC;05/01/2013;ENT002;PROGRAMA INTEGRAL NACIONAL PARA EL BIENESTAR FAMILIAR;LIN001;PROTECCIÓN INTEGRAL;SER007;CENTRO DE ACOGIDA RESIDENCIAL - USPNNA;160108;LORETO;MAYNAS;PUNCHANA;231800;HOGAR PADRE ANGEL RODRÍGUEZ;1;20;20;0;0;;;0;;;1;;;18;;;1;;;10
2012;ENE - DIC;05/01/2013;ENT002;PROGRAMA INTEGRAL NACIONAL PARA EL BIENESTAR FAMILIAR;LIN001;PROTECCIÓN INTEGRAL;SER007;CENTRO DE ACOGIDA RESIDENCIAL - USPNNA;160108;LORETO;MAYNAS;PUNCHANA;232400;HOGAR CASA DE ACOGIDA SANTA LORENA;1;31;1;30;1;;;0;;;2;;;28;;;0;;;74
2012;ENE - DIC;05/01/2013;ENT002;PROGRAMA INTEGRAL NACIONAL PARA EL BIENESTAR FAMILIAR;LIN001;PROTECCIÓN INTEGRAL;SER007;CENTRO DE ACOGIDA RESIDENCIAL - USPNNA;210101;PUNO;PUNO;PUNO;231900;HOGAR VÍRGEN DE FÁTIMA;1;74;1;73;3;;;0;;;16;;;54;;;1;;;57
2012;ENE - DIC;05/01/2013;ENT002;PROGRAMA INTEGRAL NACIONAL PARA EL BIENESTAR FAMILIAR;LIN001;PROTECCIÓN INTEGRAL;SER007;CENTRO DE ACOGIDA RESIDENCIAL - USPNNA;210101;PUNO;PUNO;PUNO;232000;HOGAR SAN MARTÍN DE PORRES;1;50;50;0;0;;;0;;;0;;;49;;;1;;;23
2012;ENE - DIC;05/01/2013;ENT002;PROGRAMA INTEGRAL NACIONAL PARA EL BIENESTAR FAMILIAR;LIN001;PROTECCIÓN INTEGRAL;SER007;CENTRO DE ACOGIDA RESIDENCIAL - USPNNA;211101;PUNO;SAN ROMÁN;JULIACA;232100;HOGAR SAGRADO CORAZÓN DE JESÚS;1;26;26;0;0;;;4;;;18;;;4;;;0;;;22
2012;ENE - DIC;05/01/2013;ENT002;PROGRAMA INTEGRAL NACIONAL PARA EL BIENESTAR FAMILIAR;LIN001;PROTECCIÓN INTEGRAL;SER007;CENTRO DE ACOGIDA RESIDENCIAL - USPNNA;230101;TACNA;TACNA;TACNA;232200;HOGAR SANTO DOMINGO SAVIO;1;52;27;25;0;;;0;;;2;;;50;;;0;;;34
2012;ENE - DIC;05/01/2013;ENT002;PROGRAMA INTEGRAL NACIONAL PARA EL BIENESTAR FAMILIAR;LIN001;PROTECCIÓN INTEGRAL;SER007;CENTRO DE ACOGIDA RESIDENCIAL - USPNNA;240301;TUMBES;ZARUMILLA;ZARUMILLA;131890;HOGAR MEDALLA MILAGROSA;1;21;8;13;1;;;5;;;5;;;8;;;2;;;25
2013;ENE - DIC;05/01/2014;ENT002;PROGRAMA INTEGRAL NACIONAL PARA EL BIENESTAR FAMILIAR;LIN001;PROTECCIÓN INTEGRAL;SER007;CENTRO DE ACOGIDA RESIDENCIAL - USPNNA;070102;CALLAO;CALLAO;BELLAVISTA;220100;HOGAR SAN ANTONIO;1;77;54;23;0;;;5;;;41;;;29;;;2;;;8
2013;ENE - DIC;05/01/2014;ENT002;PROGRAMA INTEGRAL NACIONAL PARA EL BIENESTAR FAMILIAR;LIN001;PROTECCIÓN INTEGRAL;SER007;CENTRO DE ACOGIDA RESIDENCIAL - USPNNA;150101;LIMA METROPOLITANA;LIMA;LIMA;220200;HOGAR SAN FRANCISCO DE ASÍS;1;32;32;0;0;;;0;;;0;;;20;;;12;;;8
2013;ENE - DIC;05/01/2014;ENT002;PROGRAMA INTEGRAL NACIONAL PARA EL BIENESTAR FAMILIAR;LIN001;PROTECCIÓN INTEGRAL;SER007;CENTRO DE ACOGIDA RESIDENCIAL - USPNNA;150136;LIMA METROPOLITANA;LIMA;SAN MIGUEL;220300;HOGAR ERMELINDA CARRERA;1;156;0;156;0;;;0;;;2;;;125;;;29;;;19
2013;ENE - DIC;05/01/2014;ENT002;PROGRAMA INTEGRAL NACIONAL PARA EL BIENESTAR FAMILIAR;LIN001;PROTECCIÓN INTEGRAL;SER007;CENTRO DE ACOGIDA RESIDENCIAL - USPNNA;150136;LIMA METROPOLITANA;LIMA;SAN MIGUEL;220400;HOGAR DIVINO JESÚS;1;65;40;25;9;;;49;;;7;;;0;;;0;;;1
2013;ENE - DIC;05/01/2014;ENT002;PROGRAMA INTEGRAL NACIONAL PARA EL BIENESTAR FAMILIAR;LIN001;PROTECCIÓN INTEGRAL;SER007;CENTRO DE ACOGIDA RESIDENCIAL - USPNNA;150121;LIMA METROPOLITANA;LIMA;MAGDALENA VIEJA;220500;HOGAR ARCO IRIS;1;31;13;18;0;;;14;;;17;;;0;;;0;;;5
2013;ENE - DIC;05/01/2014;ENT002;PROGRAMA INTEGRAL NACIONAL PARA EL BIENESTAR FAMILIAR;LIN001;PROTECCIÓN INTEGRAL;SER007;CENTRO DE ACOGIDA RESIDENCIAL - USPNNA;150136;LIMA METROPOLITANA;LIMA;SAN MIGUEL;220600;CASAS HOGAR SAN MIGUEL ARCÁNGEL;1;74;37;37;0;;;9;;;31;;;33;;;1;;;4
2013;ENE - DIC;05/01/2014;ENT002;PROGRAMA INTEGRAL NACIONAL PARA EL BIENESTAR FAMILIAR;LIN001;PROTECCIÓN INTEGRAL;SER007;CENTRO DE ACOGIDA RESIDENCIAL - USPNNA;070101;CALLAO;CALLAO;CALLAO;220700;CASA DE LA MUJER Y PROMOCIÓN COMUNAL SANTA ROSA;1;206;85;121;3;;;120;;;0;;;42;;;41;;;15
2013;ENE - DIC;05/01/2014;ENT002;PROGRAMA INTEGRAL NACIONAL PARA EL BIENESTAR FAMILIAR;LIN001;PROTECCIÓN INTEGRAL;SER007;CENTRO DE ACOGIDA RESIDENCIAL - USPNNA;150117;LIMA METROPOLITANA;LIMA;LOS OLIVOS;220800;CASAS HOGAR SAGRADO CORAZÓN;1;37;0;37;0;;;0;;;3;;;30;;;4;;;12
2013;ENE - DIC;05/01/2014;ENT002;PROGRAMA INTEGRAL NACIONAL PARA EL BIENESTAR FAMILIAR;LIN001;PROTECCIÓN INTEGRAL;SER007;CENTRO DE ACOGIDA RESIDENCIAL - USPNNA;150103;LIMA METROPOLITANA;LIMA;ATE;221000;HOGAR REINA DE LA PAZ - SANTA RITA DE CASIA;0;15;0;15;2;;;5;;;0;;;6;;;2;;;13
2013;ENE - DIC;05/01/2014;ENT002;PROGRAMA INTEGRAL NACIONAL PARA EL BIENESTAR FAMILIAR;LIN001;PROTECCIÓN INTEGRAL;SER007;CENTRO DE ACOGIDA RESIDENCIAL - USPNNA;150103;LIMA METROPOLITANA;LIMA;ATE;221100;HOGAR ALDEA INFANTIL SAN RICARDO;1;88;54;34;0;;;7;;;35;;;45;;;1;;;6
2013;ENE - DIC;05/01/2014;ENT002;PROGRAMA INTEGRAL NACIONAL PARA EL BIENESTAR FAMILIAR;LIN001;PROTECCIÓN INTEGRAL;SER007;CENTRO DE ACOGIDA RESIDENCIAL - USPNNA;150103;LIMA METROPOLITANA;LIMA;ATE;221200;HOGAR CASA ESTANCIA DOMI;1;41;13;28;10;;;8;;;0;;;20;;;3;;;5
2013;ENE - DIC;05/01/2014;ENT002;PROGRAMA INTEGRAL NACIONAL PARA EL BIENESTAR FAMILIAR;LIN001;PROTECCIÓN INTEGRAL;SER007;CENTRO DE ACOGIDA RESIDENCIAL - USPNNA;150108;LIMA METROPOLITANA;LIMA;CHORRILLOS;222100;HOGAR NIÑO JESÚS DE PRAGA - CHORRILLOS;1;22;0;22;0;;;1;;;19;;;2;;;0;;;6
2013;ENE - DIC;05/01/2014;ENT002;PROGRAMA INTEGRAL NACIONAL PARA EL BIENESTAR FAMILIAR;LIN001;PROTECCIÓN INTEGRAL;SER007;CENTRO DE ACOGIDA RESIDENCIAL - USPNNA;021809;ÁNCASH;SANTA;NUEVO CHIMBOTE;230100;HOGAR SAN PEDRITO;1;45;23;22;0;;;8;;;14;;;19;;;4;;;14
2013;ENE - DIC;05/01/2014;ENT002;PROGRAMA INTEGRAL NACIONAL PARA EL BIENESTAR FAMILIAR;LIN001;PROTECCIÓN INTEGRAL;SER007;CENTRO DE ACOGIDA RESIDENCIAL - USPNNA;040101;AREQUIPA;AREQUIPA;AREQUIPA;230200;HOGAR SAN LUIS GONZAGA;1;71;71;0;0;;;0;;;8;;;59;;;4;;;40
2013;ENE - DIC;05/01/2014;ENT002;PROGRAMA INTEGRAL NACIONAL PARA EL BIENESTAR FAMILIAR;LIN001;PROTECCIÓN INTEGRAL;SER007;CENTRO DE ACOGIDA RESIDENCIAL - USPNNA;040101;AREQUIPA;AREQUIPA;AREQUIPA;230300;HOGAR SAN JOSÉ AREQUIPA;1;36;0;36;0;;;0;;;0;;;33;;;3;;;15
2013;ENE - DIC;05/01/2014;ENT002;PROGRAMA INTEGRAL NACIONAL PARA EL BIENESTAR FAMILIAR;LIN001;PROTECCIÓN INTEGRAL;SER007;CENTRO DE ACOGIDA RESIDENCIAL - USPNNA;050101;AYACUCHO;HUAMANGA;AYACUCHO;230500;HOGAR URPI;1;29;29;0;0;;;1;;;13;;;15;;;0;;;18
2013;ENE - DIC;05/01/2014;ENT002;PROGRAMA INTEGRAL NACIONAL PARA EL BIENESTAR FAMILIAR;LIN001;PROTECCIÓN INTEGRAL;SER007;CENTRO DE ACOGIDA RESIDENCIAL - USPNNA;080101;CUSCO;CUSCO;CUSCO;230600;HOGAR BUEN PASTOR;1;48;0;48;0;;;0;;;2;;;44;;;2;;;22
2013;ENE - DIC;05/01/2014;ENT002;PROGRAMA INTEGRAL NACIONAL PARA EL BIENESTAR FAMILIAR;LIN001;PROTECCIÓN INTEGRAL;SER007;CENTRO DE ACOGIDA RESIDENCIAL - USPNNA;080106;CUSCO;CUSCO;SANTIAGO;230700;HOGAR JESÚS MI LUZ;1;46;46;0;0;;;0;;;16;;;28;;;2;;;5
2013;ENE - DIC;05/01/2014;ENT002;PROGRAMA INTEGRAL NACIONAL PARA EL BIENESTAR FAMILIAR;LIN001;PROTECCIÓN INTEGRAL;SER007;CENTRO DE ACOGIDA RESIDENCIAL - USPNNA;100601;HUÁNUCO;LEONCIO PRADO;RUPA-RUPA;230800;HOGAR SANTA TERESITA DEL NIÑO JESÚS;1;77;34;43;2;;;8;;;23;;;44;;;0;;;42
2013;ENE - DIC;05/01/2014;ENT002;PROGRAMA INTEGRAL NACIONAL PARA EL BIENESTAR FAMILIAR;LIN001;PROTECCIÓN INTEGRAL;SER007;CENTRO DE ACOGIDA RESIDENCIAL - USPNNA;100101;HUÁNUCO;HUÁNUCO;HUÁNUCO;230900;HOGAR PILLCO MOZO;1;37;30;7;0;;;3;;;23;;;11;;;0;;;13
2013;ENE - DIC;05/01/2014;ENT002;PROGRAMA INTEGRAL NACIONAL PARA EL BIENESTAR FAMILIAR;LIN001;PROTECCIÓN INTEGRAL;SER007;CENTRO DE ACOGIDA RESIDENCIAL - USPNNA;110101;ICA;ICA;ICA;231000;HOGAR SEÑOR DE LUREN;1;41;41;0;0;;;0;;;16;;;25;;;0;;;8
2013;ENE - DIC;05/01/2014;ENT002;PROGRAMA INTEGRAL NACIONAL PARA EL BIENESTAR FAMILIAR;LIN001;PROTECCIÓN INTEGRAL;SER007;CENTRO DE ACOGIDA RESIDENCIAL - USPNNA;110201;ICA;CHINCHA;CHINCHA ALTA;231100;HOGAR PAÚL HARRIS;1;67;0;67;0;;;0;;;12;;;54;;;1;;;7
2013;ENE - DIC;05/01/2014;ENT002;PROGRAMA INTEGRAL NACIONAL PARA EL BIENESTAR FAMILIAR;LIN001;PROTECCIÓN INTEGRAL;SER007;CENTRO DE ACOGIDA RESIDENCIAL - USPNNA;120114;JUNÍN;HUANCAYO;EL TAMBO;231200;HOGAR ANDRÉS AVELINO CÁCERES;1;38;38;0;0;;;0;;;6;;;27;;;5;;;10
2013;ENE - DIC;05/01/2014;ENT002;PROGRAMA INTEGRAL NACIONAL PARA EL BIENESTAR FAMILIAR;LIN001;PROTECCIÓN INTEGRAL;SER007;CENTRO DE ACOGIDA RESIDENCIAL - USPNNA;130111;LA LIBERTAD;TRUJILLO;VÍCTOR LARCO HERRERA;231300;HOGAR LA NIÑA;1;46;0;46;0;;;0;;;8;;;37;;;1;;;28
2013;ENE - DIC;05/01/2014;ENT002;PROGRAMA INTEGRAL NACIONAL PARA EL BIENESTAR FAMILIAR;LIN001;PROTECCIÓN INTEGRAL;SER007;CENTRO DE ACOGIDA RESIDENCIAL - USPNNA;130101;LA LIBERTAD;TRUJILLO;TRUJILLO;231400;HOGAR SAN JOSÉ;1;36;36;0;0;;;0;;;4;;;28;;;4;;;17
2013;ENE - DIC;05/01/2014;ENT002;PROGRAMA INTEGRAL NACIONAL PARA EL BIENESTAR FAMILIAR;LIN001;PROTECCIÓN INTEGRAL;SER007;CENTRO DE ACOGIDA RESIDENCIAL - USPNNA;140101;LAMBAYEQUE;CHICLAYO;CHICLAYO;231500;HOGAR ROSA MARÍA CHECA;1;48;0;48;0;;;0;;;0;;;46;;;2;;;15
2013;ENE - DIC;05/01/2014;ENT002;PROGRAMA INTEGRAL NACIONAL PARA EL BIENESTAR FAMILIAR;LIN001;PROTECCIÓN INTEGRAL;SER007;CENTRO DE ACOGIDA RESIDENCIAL - USPNNA;140101;LAMBAYEQUE;CHICLAYO;CHICLAYO;231600;HOGAR SAN VICENTE DE PAÚL;1;24;24;0;0;;;0;;;17;;;7;;;0;;;2
2013;ENE - DIC;05/01/2014;ENT002;PROGRAMA INTEGRAL NACIONAL PARA EL BIENESTAR FAMILIAR;LIN001;PROTECCIÓN INTEGRAL;SER007;CENTRO DE ACOGIDA RESIDENCIAL - USPNNA;140112;LAMBAYEQUE;CHICLAYO;PIMENTEL;231700;HOGAR SAN JUAN BOSCO;1;40;40;0;0;;;0;;;0;;;33;;;7;;;12
2013;ENE - DIC;05/01/2014;ENT002;PROGRAMA INTEGRAL NACIONAL PARA EL BIENESTAR FAMILIAR;LIN001;PROTECCIÓN INTEGRAL;SER007;CENTRO DE ACOGIDA RESIDENCIAL - USPNNA;160108;LORETO;MAYNAS;PUNCHANA;231800;HOGAR PADRE ANGEL RODRÍGUEZ;1;19;19;0;0;;;0;;;0;;;18;;;1;;;7
2013;ENE - DIC;05/01/2014;ENT002;PROGRAMA INTEGRAL NACIONAL PARA EL BIENESTAR FAMILIAR;LIN001;PROTECCIÓN INTEGRAL;SER007;CENTRO DE ACOGIDA RESIDENCIAL - USPNNA;160108;LORETO;MAYNAS;PUNCHANA;232400;HOGAR CASA DE ACOGIDA SANTA LORENA;1;30;2;28;1;;;1;;;0;;;28;;;0;;;19
2013;ENE - DIC;05/01/2014;ENT002;PROGRAMA INTEGRAL NACIONAL PARA EL BIENESTAR FAMILIAR;LIN001;PROTECCIÓN INTEGRAL;SER007;CENTRO DE ACOGIDA RESIDENCIAL - USPNNA;210101;PUNO;PUNO;PUNO;231900;HOGAR VÍRGEN DE FÁTIMA;1;74;1;73;1;;;1;;;12;;;58;;;2;;;82
2013;ENE - DIC;05/01/2014;ENT002;PROGRAMA INTEGRAL NACIONAL PARA EL BIENESTAR FAMILIAR;LIN001;PROTECCIÓN INTEGRAL;SER007;CENTRO DE ACOGIDA RESIDENCIAL - USPNNA;210101;PUNO;PUNO;PUNO;232000;HOGAR SAN MARTÍN DE PORRES;1;49;49;0;0;;;0;;;0;;;48;;;1;;;26
2013;ENE - DIC;05/01/2014;ENT002;PROGRAMA INTEGRAL NACIONAL PARA EL BIENESTAR FAMILIAR;LIN001;PROTECCIÓN INTEGRAL;SER007;CENTRO DE ACOGIDA RESIDENCIAL - USPNNA;211101;PUNO;SAN ROMÁN;JULIACA;232100;HOGAR SAGRADO CORAZÓN DE JESÚS;1;19;19;0;0;;;2;;;13;;;4;;;0;;;16
2013;ENE - DIC;05/01/2014;ENT002;PROGRAMA INTEGRAL NACIONAL PARA EL BIENESTAR FAMILIAR;LIN001;PROTECCIÓN INTEGRAL;SER007;CENTRO DE ACOGIDA RESIDENCIAL - USPNNA;230101;TACNA;TACNA;TACNA;232200;HOGAR SANTO DOMINGO SAVIO;1;52;24;28;0;;;0;;;1;;;50;;;1;;;35
2013;ENE - DIC;05/01/2014;ENT002;PROGRAMA INTEGRAL NACIONAL PARA EL BIENESTAR FAMILIAR;LIN001;PROTECCIÓN INTEGRAL;SER007;CENTRO DE ACOGIDA RESIDENCIAL - USPNNA;240301;TUMBES;ZARUMILLA;ZARUMILLA;131890;HOGAR MEDALLA MILAGROSA;1;16;8;8;2;;;1;;;9;;;4;;;0;;;1
2014;ENE - DIC;10/01/2015;ENT002;PROGRAMA INTEGRAL NACIONAL PARA EL BIENESTAR FAMILIAR;LIN001;PROTECCIÓN INTEGRAL;SER007;CENTRO DE ACOGIDA RESIDENCIAL - USPNNA;021809;ÁNCASH;SANTA;NUEVO CHIMBOTE;230100;HOGAR SAN PEDRITO;1;53;27;26;2;;;5;;;17;;;25;;;4;;;12
2014;ENE - DIC;10/01/2015;ENT002;PROGRAMA INTEGRAL NACIONAL PARA EL BIENESTAR FAMILIAR;LIN001;PROTECCIÓN INTEGRAL;SER007;CENTRO DE ACOGIDA RESIDENCIAL - USPNNA;040101;AREQUIPA;AREQUIPA;AREQUIPA;230200;HOGAR SAN LUIS GONZAGA;1;56;22;34;0;;;0;;;11;;;40;;;5;;;50
2014;ENE - DIC;10/01/2015;ENT002;PROGRAMA INTEGRAL NACIONAL PARA EL BIENESTAR FAMILIAR;LIN001;PROTECCIÓN INTEGRAL;SER007;CENTRO DE ACOGIDA RESIDENCIAL - USPNNA;040101;AREQUIPA;AREQUIPA;AREQUIPA;230300;HOGAR SAN JOSÉ AREQUIPA;1;36;22;14;0;;;0;;;0;;;33;;;3;;;9
2014;ENE - DIC;10/01/2015;ENT002;PROGRAMA INTEGRAL NACIONAL PARA EL BIENESTAR FAMILIAR;LIN001;PROTECCIÓN INTEGRAL;SER007;CENTRO DE ACOGIDA RESIDENCIAL - USPNNA;050101;AYACUCHO;HUAMANGA;AYACUCHO;230500;HOGAR URPI;1;21;10;11;0;;;1;;;7;;;13;;;0;;;31
2014;ENE - DIC;10/01/2015;ENT002;PROGRAMA INTEGRAL NACIONAL PARA EL BIENESTAR FAMILIAR;LIN001;PROTECCIÓN INTEGRAL;SER007;CENTRO DE ACOGIDA RESIDENCIAL - USPNNA;070102;CALLAO;CALLAO;BELLAVISTA;220100;HOGAR SAN ANTONIO;1;71;34;37;0;;;3;;;34;;;31;;;3;;;6
2014;ENE - DIC;10/01/2015;ENT002;PROGRAMA INTEGRAL NACIONAL PARA EL BIENESTAR FAMILIAR;LIN001;PROTECCIÓN INTEGRAL;SER007;CENTRO DE ACOGIDA RESIDENCIAL - USPNNA;070101;CALLAO;CALLAO;CALLAO;220700;CASA DE LA MUJER Y PROMOCIÓN COMUNAL SANTA ROSA;1;79;42;37;2;;;27;;;0;;;31;;;19;;;12
2014;ENE - DIC;10/01/2015;ENT002;PROGRAMA INTEGRAL NACIONAL PARA EL BIENESTAR FAMILIAR;LIN001;PROTECCIÓN INTEGRAL;SER007;CENTRO DE ACOGIDA RESIDENCIAL - USPNNA;080101;CUSCO;CUSCO;CUSCO;230600;HOGAR BUEN PASTOR;1;42;24;18;0;;;0;;;1;;;39;;;2;;;16
2014;ENE - DIC;10/01/2015;ENT002;PROGRAMA INTEGRAL NACIONAL PARA EL BIENESTAR FAMILIAR;LIN001;PROTECCIÓN INTEGRAL;SER007;CENTRO DE ACOGIDA RESIDENCIAL - USPNNA;080106;CUSCO;CUSCO;SANTIAGO;230700;HOGAR JESÚS MI LUZ;1;47;19;28;0;;;0;;;17;;;29;;;1;;;9
2014;ENE - DIC;10/01/2015;ENT002;PROGRAMA INTEGRAL NACIONAL PARA EL BIENESTAR FAMILIAR;LIN001;PROTECCIÓN INTEGRAL;SER007;CENTRO DE ACOGIDA RESIDENCIAL - USPNNA;100601;HUÁNUCO;LEONCIO PRADO;RUPA-RUPA;230800;HOGAR SANTA TERESITA DEL NIÑO JESÚS;1;76;38;38;2;;;7;;;21;;;45;;;1;;;31
2014;ENE - DIC;10/01/2015;ENT002;PROGRAMA INTEGRAL NACIONAL PARA EL BIENESTAR FAMILIAR;LIN001;PROTECCIÓN INTEGRAL;SER007;CENTRO DE ACOGIDA RESIDENCIAL - USPNNA;100101;HUÁNUCO;HUÁNUCO;HUÁNUCO;230900;HOGAR PILLCO MOZO;1;28;12;16;0;;;1;;;20;;;7;;;0;;;11
2014;ENE - DIC;10/01/2015;ENT002;PROGRAMA INTEGRAL NACIONAL PARA EL BIENESTAR FAMILIAR;LIN001;PROTECCIÓN INTEGRAL;SER007;CENTRO DE ACOGIDA RESIDENCIAL - USPNNA;110101;ICA;ICA;ICA;231000;HOGAR SEÑOR DE LUREN;1;48;20;28;0;;;0;;;12;;;36;;;0;;;7
2014;ENE - DIC;10/01/2015;ENT002;PROGRAMA INTEGRAL NACIONAL PARA EL BIENESTAR FAMILIAR;LIN001;PROTECCIÓN INTEGRAL;SER007;CENTRO DE ACOGIDA RESIDENCIAL - USPNNA;110201;ICA;CHINCHA;CHINCHA ALTA;231100;HOGAR PAÚL HARRIS;1;68;39;29;0;;;0;;;7;;;58;;;3;;;12
2014;ENE - DIC;10/01/2015;ENT002;PROGRAMA INTEGRAL NACIONAL PARA EL BIENESTAR FAMILIAR;LIN001;PROTECCIÓN INTEGRAL;SER007;CENTRO DE ACOGIDA RESIDENCIAL - USPNNA;120114;JUNÍN;HUANCAYO;EL TAMBO;231200;HOGAR ANDRÉS AVELINO CÁCERES;1;32;15;17;0;;;0;;;5;;;22;;;5;;;23
2014;ENE - DIC;10/01/2015;ENT002;PROGRAMA INTEGRAL NACIONAL PARA EL BIENESTAR FAMILIAR;LIN001;PROTECCIÓN INTEGRAL;SER007;CENTRO DE ACOGIDA RESIDENCIAL - USPNNA;130111;LA LIBERTAD;TRUJILLO;VÍCTOR LARCO HERRERA;231300;HOGAR LA NIÑA;1;48;27;21;0;;;1;;;5;;;40;;;2;;;19
2014;ENE - DIC;10/01/2015;ENT002;PROGRAMA INTEGRAL NACIONAL PARA EL BIENESTAR FAMILIAR;LIN001;PROTECCIÓN INTEGRAL;SER007;CENTRO DE ACOGIDA RESIDENCIAL - USPNNA;130101;LA LIBERTAD;TRUJILLO;TRUJILLO;231400;HOGAR SAN JOSÉ;1;41;16;25;0;;;0;;;7;;;32;;;2;;;7
2014;ENE - DIC;10/01/2015;ENT002;PROGRAMA INTEGRAL NACIONAL PARA EL BIENESTAR FAMILIAR;LIN001;PROTECCIÓN INTEGRAL;SER007;CENTRO DE ACOGIDA RESIDENCIAL - USPNNA;140101;LAMBAYEQUE;CHICLAYO;CHICLAYO;231500;HOGAR ROSA MARÍA CHECA;1;44;25;19;0;;;0;;;2;;;41;;;1;;;14
2014;ENE - DIC;10/01/2015;ENT002;PROGRAMA INTEGRAL NACIONAL PARA EL BIENESTAR FAMILIAR;LIN001;PROTECCIÓN INTEGRAL;SER007;CENTRO DE ACOGIDA RESIDENCIAL - USPNNA;140101;LAMBAYEQUE;CHICLAYO;CHICLAYO;231600;HOGAR SAN VICENTE DE PAÚL;1;24;9;15;0;;;0;;;16;;;8;;;0;;;8
2014;ENE - DIC;10/01/2015;ENT002;PROGRAMA INTEGRAL NACIONAL PARA EL BIENESTAR FAMILIAR;LIN001;PROTECCIÓN INTEGRAL;SER007;CENTRO DE ACOGIDA RESIDENCIAL - USPNNA;140112;LAMBAYEQUE;CHICLAYO;PIMENTEL;231700;HOGAR SAN JUAN BOSCO;1;40;18;22;0;;;0;;;0;;;31;;;9;;;18
2014;ENE - DIC;10/01/2015;ENT002;PROGRAMA INTEGRAL NACIONAL PARA EL BIENESTAR FAMILIAR;LIN001;PROTECCIÓN INTEGRAL;SER007;CENTRO DE ACOGIDA RESIDENCIAL - USPNNA;150101;LIMA METROPOLITANA;LIMA;LIMA;220200;HOGAR SAN FRANCISCO DE ASÍS;1;32;13;19;0;;;0;;;0;;;19;;;13;;;5
2014;ENE - DIC;10/01/2015;ENT002;PROGRAMA INTEGRAL NACIONAL PARA EL BIENESTAR FAMILIAR;LIN001;PROTECCIÓN INTEGRAL;SER007;CENTRO DE ACOGIDA RESIDENCIAL - USPNNA;150136;LIMA METROPOLITANA;LIMA;SAN MIGUEL;220300;HOGAR ERMELINDA CARRERA;1;149;88;61;0;;;0;;;1;;;106;;;42;;;28
2014;ENE - DIC;10/01/2015;ENT002;PROGRAMA INTEGRAL NACIONAL PARA EL BIENESTAR FAMILIAR;LIN001;PROTECCIÓN INTEGRAL;SER007;CENTRO DE ACOGIDA RESIDENCIAL - USPNNA;150136;LIMA METROPOLITANA;LIMA;SAN MIGUEL;220400;HOGAR DIVINO JESÚS;1;54;26;28;7;;;39;;;8;;;0;;;0;;;0
2014;ENE - DIC;10/01/2015;ENT002;PROGRAMA INTEGRAL NACIONAL PARA EL BIENESTAR FAMILIAR;LIN001;PROTECCIÓN INTEGRAL;SER007;CENTRO DE ACOGIDA RESIDENCIAL - USPNNA;150121;LIMA METROPOLITANA;LIMA;MAGDALENA VIEJA;220500;HOGAR ARCO IRIS;1;28;14;14;0;;;7;;;21;;;0;;;0;;;8
2014;ENE - DIC;10/01/2015;ENT002;PROGRAMA INTEGRAL NACIONAL PARA EL BIENESTAR FAMILIAR;LIN001;PROTECCIÓN INTEGRAL;SER007;CENTRO DE ACOGIDA RESIDENCIAL - USPNNA;150136;LIMA METROPOLITANA;LIMA;SAN MIGUEL;220600;CASAS HOGAR SAN MIGUEL ARCÁNGEL;1;66;33;33;0;;;6;;;25;;;31;;;4;;;18
2014;ENE - DIC;10/01/2015;ENT002;PROGRAMA INTEGRAL NACIONAL PARA EL BIENESTAR FAMILIAR;LIN001;PROTECCIÓN INTEGRAL;SER007;CENTRO DE ACOGIDA RESIDENCIAL - USPNNA;150117;LIMA METROPOLITANA;LIMA;LOS OLIVOS;220800;CASAS HOGAR SAGRADO CORAZÓN;1;36;21;15;0;;;0;;;1;;;31;;;4;;;8
2014;ENE - DIC;10/01/2015;ENT002;PROGRAMA INTEGRAL NACIONAL PARA EL BIENESTAR FAMILIAR;LIN001;PROTECCIÓN INTEGRAL;SER007;CENTRO DE ACOGIDA RESIDENCIAL - USPNNA;150103;LIMA METROPOLITANA;LIMA;ATE;221100;HOGAR ALDEA INFANTIL SAN RICARDO;1;72;35;37;0;;;3;;;24;;;38;;;7;;;2
2014;ENE - DIC;10/01/2015;ENT002;PROGRAMA INTEGRAL NACIONAL PARA EL BIENESTAR FAMILIAR;LIN001;PROTECCIÓN INTEGRAL;SER007;CENTRO DE ACOGIDA RESIDENCIAL - USPNNA;150103;LIMA METROPOLITANA;LIMA;ATE;221200;HOGAR CASA ESTANCIA DOMI;1;31;17;14;6;;;8;;;0;;;14;;;3;;;13
2014;ENE - DIC;10/01/2015;ENT002;PROGRAMA INTEGRAL NACIONAL PARA EL BIENESTAR FAMILIAR;LIN001;PROTECCIÓN INTEGRAL;SER007;CENTRO DE ACOGIDA RESIDENCIAL - USPNNA;150108;LIMA METROPOLITANA;LIMA;CHORRILLOS;222100;HOGAR NIÑO JESÚS DE PRAGA - CHORRILLOS;1;25;15;10;0;;;0;;;21;;;4;;;0;;;7
2014;ENE - DIC;10/01/2015;ENT002;PROGRAMA INTEGRAL NACIONAL PARA EL BIENESTAR FAMILIAR;LIN001;PROTECCIÓN INTEGRAL;SER007;CENTRO DE ACOGIDA RESIDENCIAL - USPNNA;150121;LIMA METROPOLITANA;LIMA;MAGDALENA VIEJA;233010;HOGAR LAZOS DE AMOR;1;18;11;7;0;;;6;;;11;;;1;;;0;;;0
2014;ENE - DIC;10/01/2015;ENT002;PROGRAMA INTEGRAL NACIONAL PARA EL BIENESTAR FAMILIAR;LIN001;PROTECCIÓN INTEGRAL;SER007;CENTRO DE ACOGIDA RESIDENCIAL - USPNNA;150135;LIMA METROPOLITANA;LIMA;SAN MARTÍN DE PORRES;233110;HOGAR GRACIA;1;10;10;0;0;;;0;;;1;;;9;;;0;;;5
2014;ENE - DIC;10/01/2015;ENT002;PROGRAMA INTEGRAL NACIONAL PARA EL BIENESTAR FAMILIAR;LIN001;PROTECCIÓN INTEGRAL;SER007;CENTRO DE ACOGIDA RESIDENCIAL - USPNNA;160108;LORETO;MAYNAS;PUNCHANA;231800;HOGAR PADRE ANGEL RODRÍGUEZ;1;21;8;13;0;;;1;;;3;;;17;;;0;;;6
2014;ENE - DIC;10/01/2015;ENT002;PROGRAMA INTEGRAL NACIONAL PARA EL BIENESTAR FAMILIAR;LIN001;PROTECCIÓN INTEGRAL;SER007;CENTRO DE ACOGIDA RESIDENCIAL - USPNNA;160108;LORETO;MAYNAS;PUNCHANA;232400;HOGAR CASA DE ACOGIDA SANTA LORENA;1;41;27;14;2;;;1;;;1;;;37;;;0;;;31
2014;ENE - DIC;10/01/2015;ENT002;PROGRAMA INTEGRAL NACIONAL PARA EL BIENESTAR FAMILIAR;LIN001;PROTECCIÓN INTEGRAL;SER007;CENTRO DE ACOGIDA RESIDENCIAL - USPNNA;210101;PUNO;PUNO;PUNO;231900;HOGAR VÍRGEN DE FÁTIMA;1;61;37;24;0;;;1;;;9;;;49;;;2;;;65
2014;ENE - DIC;10/01/2015;ENT002;PROGRAMA INTEGRAL NACIONAL PARA EL BIENESTAR FAMILIAR;LIN001;PROTECCIÓN INTEGRAL;SER007;CENTRO DE ACOGIDA RESIDENCIAL - USPNNA;210101;PUNO;PUNO;PUNO;232000;HOGAR SAN MARTÍN DE PORRES;1;34;16;18;0;;;0;;;0;;;33;;;1;;;32
2014;ENE - DIC;10/01/2015;ENT002;PROGRAMA INTEGRAL NACIONAL PARA EL BIENESTAR FAMILIAR;LIN001;PROTECCIÓN INTEGRAL;SER007;CENTRO DE ACOGIDA RESIDENCIAL - USPNNA;211101;PUNO;SAN ROMÁN;JULIACA;232100;HOGAR SAGRADO CORAZÓN DE JESÚS;1;21;8;13;0;;;0;;;13;;;8;;;0;;;6
2014;ENE - DIC;10/01/2015;ENT002;PROGRAMA INTEGRAL NACIONAL PARA EL BIENESTAR FAMILIAR;LIN001;PROTECCIÓN INTEGRAL;SER007;CENTRO DE ACOGIDA RESIDENCIAL - USPNNA;230101;TACNA;TACNA;TACNA;232200;HOGAR SANTO DOMINGO SAVIO;1;47;25;22;0;;;0;;;1;;;44;;;2;;;23
2014;ENE - DIC;10/01/2015;ENT002;PROGRAMA INTEGRAL NACIONAL PARA EL BIENESTAR FAMILIAR;LIN001;PROTECCIÓN INTEGRAL;SER007;CENTRO DE ACOGIDA RESIDENCIAL - USPNNA;240301;TUMBES;ZARUMILLA;ZARUMILLA;131890;HOGAR MEDALLA MILAGROSA;1;17;9;8;0;;;4;;;6;;;7;;;0;;;6
2015;ENE - DIC;11/01/2016;ENT002;PROGRAMA INTEGRAL NACIONAL PARA EL BIENESTAR FAMILIAR;LIN001;PROTECCIÓN INTEGRAL;SER007;CENTRO DE ACOGIDA RESIDENCIAL - USPNNA;021809;ÁNCASH;SANTA;NUEVO CHIMBOTE;230100;HOGAR SAN PEDRITO;1;67;26;41;6;;;10;;;22;;;25;;;4;0;0;10
2015;ENE - DIC;11/01/2016;ENT002;PROGRAMA INTEGRAL NACIONAL PARA EL BIENESTAR FAMILIAR;LIN001;PROTECCIÓN INTEGRAL;SER007;CENTRO DE ACOGIDA RESIDENCIAL - USPNNA;040101;AREQUIPA;AREQUIPA;AREQUIPA;230200;HOGAR SAN LUIS GONZAGA;1;46;35;11;0;;;0;;;8;;;33;;;5;0;0;32
2015;ENE - DIC;11/01/2016;ENT002;PROGRAMA INTEGRAL NACIONAL PARA EL BIENESTAR FAMILIAR;LIN001;PROTECCIÓN INTEGRAL;SER007;CENTRO DE ACOGIDA RESIDENCIAL - USPNNA;040101;AREQUIPA;AREQUIPA;AREQUIPA;230300;HOGAR SAN JOSÉ AREQUIPA;1;38;11;27;0;;;0;;;2;;;32;;;4;0;0;26
2015;ENE - DIC;11/01/2016;ENT002;PROGRAMA INTEGRAL NACIONAL PARA EL BIENESTAR FAMILIAR;LIN001;PROTECCIÓN INTEGRAL;SER007;CENTRO DE ACOGIDA RESIDENCIAL - USPNNA;050101;AYACUCHO;HUAMANGA;AYACUCHO;230500;HOGAR URPI;1;20;17;3;0;;;4;;;9;;;7;;;0;0;0;29
2015;ENE - DIC;11/01/2016;ENT002;PROGRAMA INTEGRAL NACIONAL PARA EL BIENESTAR FAMILIAR;LIN001;PROTECCIÓN INTEGRAL;SER007;CENTRO DE ACOGIDA RESIDENCIAL - USPNNA;070102;CALLAO;CALLAO;BELLAVISTA;220100;HOGAR SAN ANTONIO;1;79;48;31;0;;;6;;;40;;;29;;;4;0;0;23
2015;ENE - DIC;11/01/2016;ENT002;PROGRAMA INTEGRAL NACIONAL PARA EL BIENESTAR FAMILIAR;LIN001;PROTECCIÓN INTEGRAL;SER007;CENTRO DE ACOGIDA RESIDENCIAL - USPNNA;070101;CALLAO;CALLAO;CALLAO;220700;CASA DE LA MUJER Y PROMOCIÓN COMUNAL SANTA ROSA;1;49;11;38;4;;;3;;;0;;;40;;;2;0;0;16
2015;ENE - DIC;11/01/2016;ENT002;PROGRAMA INTEGRAL NACIONAL PARA EL BIENESTAR FAMILIAR;LIN001;PROTECCIÓN INTEGRAL;SER007;CENTRO DE ACOGIDA RESIDENCIAL - USPNNA;080101;CUSCO;CUSCO;CUSCO;230600;HOGAR BUEN PASTOR;1;51;11;40;1;;;3;;;1;;;43;;;3;0;0;23
2015;ENE - DIC;11/01/2016;ENT002;PROGRAMA INTEGRAL NACIONAL PARA EL BIENESTAR FAMILIAR;LIN001;PROTECCIÓN INTEGRAL;SER007;CENTRO DE ACOGIDA RESIDENCIAL - USPNNA;080106;CUSCO;CUSCO;SANTIAGO;230700;HOGAR JESÚS MI LUZ;1;38;32;6;0;;;0;;;14;;;22;;;2;0;0;4
2015;ENE - DIC;11/01/2016;ENT002;PROGRAMA INTEGRAL NACIONAL PARA EL BIENESTAR FAMILIAR;LIN001;PROTECCIÓN INTEGRAL;SER007;CENTRO DE ACOGIDA RESIDENCIAL - USPNNA;080910;CUSCO;LA CONVENCIÓN;PICHARI;232600;HOGAR ESPERANZA DE PICHARI;1;12;8;4;1;;;3;;;6;;;2;;;0;0;0;0
2015;ENE - DIC;11/01/2016;ENT002;PROGRAMA INTEGRAL NACIONAL PARA EL BIENESTAR FAMILIAR;LIN001;PROTECCIÓN INTEGRAL;SER007;CENTRO DE ACOGIDA RESIDENCIAL - USPNNA;100601;HUÁNUCO;LEONCIO PRADO;RUPA-RUPA;230800;HOGAR SANTA TERESITA DEL NIÑO JESÚS;1;71;35;36;1;;;4;;;25;;;39;;;2;0;0;28
2015;ENE - DIC;11/01/2016;ENT002;PROGRAMA INTEGRAL NACIONAL PARA EL BIENESTAR FAMILIAR;LIN001;PROTECCIÓN INTEGRAL;SER007;CENTRO DE ACOGIDA RESIDENCIAL - USPNNA;100101;HUÁNUCO;HUÁNUCO;HUÁNUCO;230900;HOGAR PILLCO MOZO;1;29;22;7;0;;;3;;;20;;;6;;;0;0;0;9
2015;ENE - DIC;11/01/2016;ENT002;PROGRAMA INTEGRAL NACIONAL PARA EL BIENESTAR FAMILIAR;LIN001;PROTECCIÓN INTEGRAL;SER007;CENTRO DE ACOGIDA RESIDENCIAL - USPNNA;110101;ICA;ICA;ICA;231000;HOGAR SEÑOR DE LUREN;1;51;43;8;0;;;0;;;9;;;42;;;0;0;0;3
2015;ENE - DIC;11/01/2016;ENT002;PROGRAMA INTEGRAL NACIONAL PARA EL BIENESTAR FAMILIAR;LIN001;PROTECCIÓN INTEGRAL;SER007;CENTRO DE ACOGIDA RESIDENCIAL - USPNNA;110201;ICA;CHINCHA;CHINCHA ALTA;231100;HOGAR PAÚL HARRIS;1;68;11;57;0;;;0;;;11;;;54;;;3;0;0;40
2015;ENE - DIC;11/01/2016;ENT002;PROGRAMA INTEGRAL NACIONAL PARA EL BIENESTAR FAMILIAR;LIN001;PROTECCIÓN INTEGRAL;SER007;CENTRO DE ACOGIDA RESIDENCIAL - USPNNA;120114;JUNÍN;HUANCAYO;EL TAMBO;231200;HOGAR ANDRÉS AVELINO CÁCERES;1;39;33;6;0;;;0;;;10;;;25;;;4;0;0;35
2015;ENE - DIC;11/01/2016;ENT002;PROGRAMA INTEGRAL NACIONAL PARA EL BIENESTAR FAMILIAR;LIN001;PROTECCIÓN INTEGRAL;SER007;CENTRO DE ACOGIDA RESIDENCIAL - USPNNA;130111;LA LIBERTAD;TRUJILLO;VÍCTOR LARCO HERRERA;231300;HOGAR LA NIÑA;1;44;11;33;0;;;0;;;4;;;37;;;3;0;0;25
2015;ENE - DIC;11/01/2016;ENT002;PROGRAMA INTEGRAL NACIONAL PARA EL BIENESTAR FAMILIAR;LIN001;PROTECCIÓN INTEGRAL;SER007;CENTRO DE ACOGIDA RESIDENCIAL - USPNNA;130101;LA LIBERTAD;TRUJILLO;TRUJILLO;231400;HOGAR SAN JOSÉ;1;45;38;7;0;;;0;;;9;;;33;;;3;0;0;16
2015;ENE - DIC;11/01/2016;ENT002;PROGRAMA INTEGRAL NACIONAL PARA EL BIENESTAR FAMILIAR;LIN001;PROTECCIÓN INTEGRAL;SER007;CENTRO DE ACOGIDA RESIDENCIAL - USPNNA;140101;LAMBAYEQUE;CHICLAYO;CHICLAYO;231500;HOGAR ROSA MARÍA CHECA;1;42;8;34;0;;;0;;;2;;;40;;;0;0;0;6
2015;ENE - DIC;11/01/2016;ENT002;PROGRAMA INTEGRAL NACIONAL PARA EL BIENESTAR FAMILIAR;LIN001;PROTECCIÓN INTEGRAL;SER007;CENTRO DE ACOGIDA RESIDENCIAL - USPNNA;140101;LAMBAYEQUE;CHICLAYO;CHICLAYO;231600;HOGAR SAN VICENTE DE PAÚL;1;24;20;4;0;;;1;;;14;;;9;;;0;0;0;17
2015;ENE - DIC;11/01/2016;ENT002;PROGRAMA INTEGRAL NACIONAL PARA EL BIENESTAR FAMILIAR;LIN001;PROTECCIÓN INTEGRAL;SER007;CENTRO DE ACOGIDA RESIDENCIAL - USPNNA;140112;LAMBAYEQUE;CHICLAYO;PIMENTEL;231700;HOGAR SAN JUAN BOSCO;1;36;30;6;0;;;0;;;0;;;28;;;8;0;0;16
2015;ENE - DIC;11/01/2016;ENT002;PROGRAMA INTEGRAL NACIONAL PARA EL BIENESTAR FAMILIAR;LIN001;PROTECCIÓN INTEGRAL;SER007;CENTRO DE ACOGIDA RESIDENCIAL - USPNNA;150101;LIMA METROPOLITANA;LIMA;LIMA;220200;HOGAR SAN FRANCISCO DE ASÍS;1;31;25;6;0;;;0;;;0;;;16;;;15;0;0;4
2015;ENE - DIC;11/01/2016;ENT002;PROGRAMA INTEGRAL NACIONAL PARA EL BIENESTAR FAMILIAR;LIN001;PROTECCIÓN INTEGRAL;SER007;CENTRO DE ACOGIDA RESIDENCIAL - USPNNA;150136;LIMA METROPOLITANA;LIMA;SAN MIGUEL;220300;HOGAR ERMELINDA CARRERA;1;140;23;117;1;;;0;;;1;;;100;;;38;0;0;18
2015;ENE - DIC;11/01/2016;ENT002;PROGRAMA INTEGRAL NACIONAL PARA EL BIENESTAR FAMILIAR;LIN001;PROTECCIÓN INTEGRAL;SER007;CENTRO DE ACOGIDA RESIDENCIAL - USPNNA;150136;LIMA METROPOLITANA;LIMA;SAN MIGUEL;220400;HOGAR DIVINO JESÚS;1;58;31;27;9;;;36;;;13;;;0;;;0;0;0;5
2015;ENE - DIC;11/01/2016;ENT002;PROGRAMA INTEGRAL NACIONAL PARA EL BIENESTAR FAMILIAR;LIN001;PROTECCIÓN INTEGRAL;SER007;CENTRO DE ACOGIDA RESIDENCIAL - USPNNA;150121;LIMA METROPOLITANA;LIMA;MAGDALENA VIEJA;220500;HOGAR ARCO IRIS;1;30;13;17;0;;;4;;;25;;;1;;;0;0;0;7
2015;ENE - DIC;11/01/2016;ENT002;PROGRAMA INTEGRAL NACIONAL PARA EL BIENESTAR FAMILIAR;LIN001;PROTECCIÓN INTEGRAL;SER007;CENTRO DE ACOGIDA RESIDENCIAL - USPNNA;150136;LIMA METROPOLITANA;LIMA;SAN MIGUEL;220600;CASAS HOGAR SAN MIGUEL ARCÁNGEL;1;69;33;36;1;;;4;;;28;;;31;;;5;0;0;0
2015;ENE - DIC;11/01/2016;ENT002;PROGRAMA INTEGRAL NACIONAL PARA EL BIENESTAR FAMILIAR;LIN001;PROTECCIÓN INTEGRAL;SER007;CENTRO DE ACOGIDA RESIDENCIAL - USPNNA;150117;LIMA METROPOLITANA;LIMA;LOS OLIVOS;220800;CASAS HOGAR SAGRADO CORAZÓN;1;38;7;31;0;;;0;;;0;;;30;;;8;0;0;26
2015;ENE - DIC;11/01/2016;ENT002;PROGRAMA INTEGRAL NACIONAL PARA EL BIENESTAR FAMILIAR;LIN001;PROTECCIÓN INTEGRAL;SER007;CENTRO DE ACOGIDA RESIDENCIAL - USPNNA;150103;LIMA METROPOLITANA;LIMA;ATE;221100;HOGAR ALDEA INFANTIL SAN RICARDO;1;67;38;29;0;;;4;;;18;;;35;;;10;0;0;4
2015;ENE - DIC;11/01/2016;ENT002;PROGRAMA INTEGRAL NACIONAL PARA EL BIENESTAR FAMILIAR;LIN001;PROTECCIÓN INTEGRAL;SER007;CENTRO DE ACOGIDA RESIDENCIAL - USPNNA;150103;LIMA METROPOLITANA;LIMA;ATE;221200;HOGAR CASA ESTANCIA DOMI;1;30;9;21;8;;;5;;;0;;;15;;;2;0;0;7
2015;ENE - DIC;11/01/2016;ENT002;PROGRAMA INTEGRAL NACIONAL PARA EL BIENESTAR FAMILIAR;LIN001;PROTECCIÓN INTEGRAL;SER007;CENTRO DE ACOGIDA RESIDENCIAL - USPNNA;150108;LIMA METROPOLITANA;LIMA;CHORRILLOS;222100;HOGAR NIÑO JESÚS DE PRAGA - CHORRILLOS;1;30;5;25;0;;;2;;;23;;;5;;;0;0;0;3
2015;ENE - DIC;11/01/2016;ENT002;PROGRAMA INTEGRAL NACIONAL PARA EL BIENESTAR FAMILIAR;LIN001;PROTECCIÓN INTEGRAL;SER007;CENTRO DE ACOGIDA RESIDENCIAL - USPNNA;150121;LIMA METROPOLITANA;LIMA;MAGDALENA VIEJA;233010;HOGAR LAZOS DE AMOR;1;31;14;17;0;;;9;;;16;;;6;;;0;0;0;6
2015;ENE - DIC;11/01/2016;ENT002;PROGRAMA INTEGRAL NACIONAL PARA EL BIENESTAR FAMILIAR;LIN001;PROTECCIÓN INTEGRAL;SER007;CENTRO DE ACOGIDA RESIDENCIAL - USPNNA;150135;LIMA METROPOLITANA;LIMA;SAN MARTÍN DE PORRES;233110;HOGAR GRACIA;1;14;2;12;0;;;0;;;0;;;14;;;0;0;0;54
2015;ENE - DIC;11/01/2016;ENT002;PROGRAMA INTEGRAL NACIONAL PARA EL BIENESTAR FAMILIAR;LIN001;PROTECCIÓN INTEGRAL;SER007;CENTRO DE ACOGIDA RESIDENCIAL - USPNNA;160108;LORETO;MAYNAS;PUNCHANA;231800;HOGAR PADRE ANGEL RODRÍGUEZ;1;28;24;4;0;;;1;;;6;;;19;;;2;0;0;19
2015;ENE - DIC;11/01/2016;ENT002;PROGRAMA INTEGRAL NACIONAL PARA EL BIENESTAR FAMILIAR;LIN001;PROTECCIÓN INTEGRAL;SER007;CENTRO DE ACOGIDA RESIDENCIAL - USPNNA;160108;LORETO;MAYNAS;PUNCHANA;232400;HOGAR CASA DE ACOGIDA SANTA LORENA;1;52;8;44;1;;;0;;;1;;;49;;;1;0;0;17
2015;ENE - DIC;11/01/2016;ENT002;PROGRAMA INTEGRAL NACIONAL PARA EL BIENESTAR FAMILIAR;LIN001;PROTECCIÓN INTEGRAL;SER007;CENTRO DE ACOGIDA RESIDENCIAL - USPNNA;210101;PUNO;PUNO;PUNO;231900;HOGAR VÍRGEN DE FÁTIMA;1;60;10;50;1;;;0;;;6;;;51;;;2;0;0;43
2015;ENE - DIC;11/01/2016;ENT002;PROGRAMA INTEGRAL NACIONAL PARA EL BIENESTAR FAMILIAR;LIN001;PROTECCIÓN INTEGRAL;SER007;CENTRO DE ACOGIDA RESIDENCIAL - USPNNA;210101;PUNO;PUNO;PUNO;232000;HOGAR SAN MARTÍN DE PORRES;1;29;25;4;0;;;0;;;0;;;28;;;1;0;0;24
2015;ENE - DIC;11/01/2016;ENT002;PROGRAMA INTEGRAL NACIONAL PARA EL BIENESTAR FAMILIAR;LIN001;PROTECCIÓN INTEGRAL;SER007;CENTRO DE ACOGIDA RESIDENCIAL - USPNNA;211101;PUNO;SAN ROMÁN;JULIACA;232100;HOGAR SAGRADO CORAZÓN DE JESÚS;1;23;19;4;0;;;1;;;13;;;9;;;0;0;0;20
2015;ENE - DIC;11/01/2016;ENT002;PROGRAMA INTEGRAL NACIONAL PARA EL BIENESTAR FAMILIAR;LIN001;PROTECCIÓN INTEGRAL;SER007;CENTRO DE ACOGIDA RESIDENCIAL - USPNNA;230101;TACNA;TACNA;TACNA;232200;HOGAR SANTO DOMINGO SAVIO;1;42;20;22;0;;;0;;;1;;;37;;;4;0;0;32
2015;ENE - DIC;11/01/2016;ENT002;PROGRAMA INTEGRAL NACIONAL PARA EL BIENESTAR FAMILIAR;LIN001;PROTECCIÓN INTEGRAL;SER007;CENTRO DE ACOGIDA RESIDENCIAL - USPNNA;240301;TUMBES;ZARUMILLA;ZARUMILLA;131890;HOGAR MEDALLA MILAGROSA;1;23;9;14;2;;;4;;;8;;;9;;;0;0;0;2
2015;ENE - DIC;11/01/2016;ENT002;PROGRAMA INTEGRAL NACIONAL PARA EL BIENESTAR FAMILIAR;LIN001;PROTECCIÓN INTEGRAL;SER007;CENTRO DE ACOGIDA RESIDENCIAL - USPNNA;180101;MOQUEGUA;MARISCAL NIETO;MOQUEGUA;232700;HOGAR SANTA FORTUNATA - MOQUEGUA;1;6;3;3;0;;;2;;;3;;;1;;;0;0;0;2
2015;ENE - DIC;11/01/2016;ENT002;PROGRAMA INTEGRAL NACIONAL PARA EL BIENESTAR FAMILIAR;LIN001;PROTECCIÓN INTEGRAL;SER007;CENTRO DE ACOGIDA RESIDENCIAL - USPNNA;120114;JUNÍN;HUANCAYO;EL TAMBO;232800;CAR VIDAS - JUNÍN;1;7;1;6;2;;;0;;;0;;;5;;;0;0;0;7
2015;ENE - DIC;11/01/2016;ENT002;PROGRAMA INTEGRAL NACIONAL PARA EL BIENESTAR FAMILIAR;LIN001;PROTECCIÓN INTEGRAL;SER007;CENTRO DE ACOGIDA RESIDENCIAL - USPNNA;160108;LORETO;MAYNAS;PUNCHANA;232900;CAR VIDAS - LORETO;1;17;4;13;6;;;2;;;0;;;9;;;0;0;0;0
2015;ENE - DIC;11/01/2016;ENT002;PROGRAMA INTEGRAL NACIONAL PARA EL BIENESTAR FAMILIAR;LIN001;PROTECCIÓN INTEGRAL;SER007;CENTRO DE ACOGIDA RESIDENCIAL - USPNNA;150136;LIMA METROPOLITANA;LIMA;SAN MIGUEL;234000;CAR VIDAS - LIMA;1;18;4;14;6;;;2;;;0;;;10;;;0;0;0;0
2015;ENE - DIC;11/01/2016;ENT002;PROGRAMA INTEGRAL NACIONAL PARA EL BIENESTAR FAMILIAR;LIN001;PROTECCIÓN INTEGRAL;SER007;CENTRO DE ACOGIDA RESIDENCIAL - USPNNA;170101;MADRE DE DIOS;TAMBOPATA;TAMBOPATA;235000;CAR FLORECER;1;2;0;2;0;;;0;;;0;;;2;;;0;0;0;1
2016;ENE - DIC;19/01/2017;ENT002;PROGRAMA INTEGRAL NACIONAL PARA EL BIENESTAR FAMILIAR;LIN001;PROTECCIÓN INTEGRAL;SER007;CENTRO DE ACOGIDA RESIDENCIAL - USPNNA;021809;ÁNCASH;SANTA;NUEVO CHIMBOTE;230100;HOGAR SAN PEDRITO;1;104;33;71;12;2;10;10;4;6;32;16;16;47;10;37;3;1;2;16
2016;ENE - DIC;19/01/2017;ENT002;PROGRAMA INTEGRAL NACIONAL PARA EL BIENESTAR FAMILIAR;LIN001;PROTECCIÓN INTEGRAL;SER007;CENTRO DE ACOGIDA RESIDENCIAL - USPNNA;040101;AREQUIPA;AREQUIPA;AREQUIPA;230200;HOGAR SAN LUIS GONZAGA;1;101;101;0;0;0;0;1;1;0;13;13;0;82;82;0;5;5;0;33
2016;ENE - DIC;19/01/2017;ENT002;PROGRAMA INTEGRAL NACIONAL PARA EL BIENESTAR FAMILIAR;LIN001;PROTECCIÓN INTEGRAL;SER007;CENTRO DE ACOGIDA RESIDENCIAL - USPNNA;040101;AREQUIPA;AREQUIPA;AREQUIPA;230300;HOGAR SAN JOSÉ AREQUIPA;1;68;0;68;0;0;0;0;0;0;0;0;0;63;0;63;5;0;5;7
2016;ENE - DIC;19/01/2017;ENT002;PROGRAMA INTEGRAL NACIONAL PARA EL BIENESTAR FAMILIAR;LIN001;PROTECCIÓN INTEGRAL;SER007;CENTRO DE ACOGIDA RESIDENCIAL - USPNNA;050101;AYACUCHO;HUAMANGA;AYACUCHO;230500;HOGAR URPI;1;49;49;0;1;1;0;8;8;0;17;17;0;23;23;0;0;0;0;20
2016;ENE - DIC;19/01/2017;ENT002;PROGRAMA INTEGRAL NACIONAL PARA EL BIENESTAR FAMILIAR;LIN001;PROTECCIÓN INTEGRAL;SER007;CENTRO DE ACOGIDA RESIDENCIAL - USPNNA;070102;CALLAO;CALLAO;BELLAVISTA;220100;HOGAR SAN ANTONIO;1;104;66;38;2;0;2;16;10;6;64;45;19;19;11;8;3;0;3;13
2016;ENE - DIC;19/01/2017;ENT002;PROGRAMA INTEGRAL NACIONAL PARA EL BIENESTAR FAMILIAR;LIN001;PROTECCIÓN INTEGRAL;SER007;CENTRO DE ACOGIDA RESIDENCIAL - USPNNA;070101;CALLAO;CALLAO;CALLAO;220700;CASA DE LA MUJER Y PROMOCIÓN COMUNAL SANTA ROSA;1;77;7;70;4;2;2;7;5;2;0;0;0;63;0;63;3;0;3;28
2016;ENE - DIC;19/01/2017;ENT002;PROGRAMA INTEGRAL NACIONAL PARA EL BIENESTAR FAMILIAR;LIN001;PROTECCIÓN INTEGRAL;SER007;CENTRO DE ACOGIDA RESIDENCIAL - USPNNA;080101;CUSCO;CUSCO;CUSCO;230600;HOGAR BUEN PASTOR;1;80;0;80;0;0;0;0;0;0;1;0;1;77;0;77;2;0;2;23
2016;ENE - DIC;19/01/2017;ENT002;PROGRAMA INTEGRAL NACIONAL PARA EL BIENESTAR FAMILIAR;LIN001;PROTECCIÓN INTEGRAL;SER007;CENTRO DE ACOGIDA RESIDENCIAL - USPNNA;080106;CUSCO;CUSCO;SANTIAGO;230700;HOGAR JESÚS MI LUZ;1;56;56;0;0;0;0;0;0;0;32;32;0;23;23;0;1;1;0;6
2016;ENE - DIC;19/01/2017;ENT002;PROGRAMA INTEGRAL NACIONAL PARA EL BIENESTAR FAMILIAR;LIN001;PROTECCIÓN INTEGRAL;SER007;CENTRO DE ACOGIDA RESIDENCIAL - USPNNA;080910;CUSCO;LA CONVENCIÓN;PICHARI;232600;HOGAR ESPERANZA DE PICHARI;1;49;25;24;3;1;2;10;5;5;19;12;7;17;7;10;0;0;0;2
2016;ENE - DIC;19/01/2017;ENT002;PROGRAMA INTEGRAL NACIONAL PARA EL BIENESTAR FAMILIAR;LIN001;PROTECCIÓN INTEGRAL;SER007;CENTRO DE ACOGIDA RESIDENCIAL - USPNNA;100601;HUÁNUCO;LEONCIO PRADO;RUPA-RUPA;230800;HOGAR SANTA TERESITA DEL NIÑO JESÚS;1;115;44;71;1;0;1;2;0;2;32;20;12;79;23;56;1;1;0;9
2016;ENE - DIC;19/01/2017;ENT002;PROGRAMA INTEGRAL NACIONAL PARA EL BIENESTAR FAMILIAR;LIN001;PROTECCIÓN INTEGRAL;SER007;CENTRO DE ACOGIDA RESIDENCIAL - USPNNA;100101;HUÁNUCO;HUÁNUCO;HUÁNUCO;230900;HOGAR PILLCO MOZO;1;40;31;9;0;0;0;3;2;1;30;22;8;7;7;0;0;0;0;8
2016;ENE - DIC;19/01/2017;ENT002;PROGRAMA INTEGRAL NACIONAL PARA EL BIENESTAR FAMILIAR;LIN001;PROTECCIÓN INTEGRAL;SER007;CENTRO DE ACOGIDA RESIDENCIAL - USPNNA;110101;ICA;ICA;ICA;231000;HOGAR SEÑOR DE LUREN;1;76;76;0;0;0;0;0;0;0;13;13;0;62;62;0;1;1;0;8
2016;ENE - DIC;19/01/2017;ENT002;PROGRAMA INTEGRAL NACIONAL PARA EL BIENESTAR FAMILIAR;LIN001;PROTECCIÓN INTEGRAL;SER007;CENTRO DE ACOGIDA RESIDENCIAL - USPNNA;110201;ICA;CHINCHA;CHINCHA ALTA;231100;HOGAR PAÚL HARRIS;1;103;0;103;0;0;0;1;0;1;26;0;26;74;0;74;2;0;2;13
2016;ENE - DIC;19/01/2017;ENT002;PROGRAMA INTEGRAL NACIONAL PARA EL BIENESTAR FAMILIAR;LIN001;PROTECCIÓN INTEGRAL;SER007;CENTRO DE ACOGIDA RESIDENCIAL - USPNNA;120114;JUNÍN;HUANCAYO;EL TAMBO;231200;HOGAR ANDRÉS AVELINO CÁCERES;1;90;90;0;0;0;0;0;0;0;40;40;0;46;46;0;4;4;0;41
2016;ENE - DIC;19/01/2017;ENT002;PROGRAMA INTEGRAL NACIONAL PARA EL BIENESTAR FAMILIAR;LIN001;PROTECCIÓN INTEGRAL;SER007;CENTRO DE ACOGIDA RESIDENCIAL - USPNNA;130111;LA LIBERTAD;TRUJILLO;VÍCTOR LARCO HERRERA;231300;HOGAR LA NIÑA;1;69;0;69;1;0;1;0;0;0;11;0;11;56;0;56;1;0;1;25
2016;ENE - DIC;19/01/2017;ENT002;PROGRAMA INTEGRAL NACIONAL PARA EL BIENESTAR FAMILIAR;LIN001;PROTECCIÓN INTEGRAL;SER007;CENTRO DE ACOGIDA RESIDENCIAL - USPNNA;130101;LA LIBERTAD;TRUJILLO;TRUJILLO;231400;HOGAR SAN JOSÉ;1;62;62;0;0;0;0;0;0;0;15;15;0;45;45;0;2;2;0;12
2016;ENE - DIC;19/01/2017;ENT002;PROGRAMA INTEGRAL NACIONAL PARA EL BIENESTAR FAMILIAR;LIN001;PROTECCIÓN INTEGRAL;SER007;CENTRO DE ACOGIDA RESIDENCIAL - USPNNA;140101;LAMBAYEQUE;CHICLAYO;CHICLAYO;231500;HOGAR ROSA MARÍA CHECA;1;76;0;76;0;0;0;0;0;0;4;0;4;71;0;71;1;0;1;8
2016;ENE - DIC;19/01/2017;ENT002;PROGRAMA INTEGRAL NACIONAL PARA EL BIENESTAR FAMILIAR;LIN001;PROTECCIÓN INTEGRAL;SER007;CENTRO DE ACOGIDA RESIDENCIAL - USPNNA;140101;LAMBAYEQUE;CHICLAYO;CHICLAYO;231600;HOGAR SAN VICENTE DE PAÚL;1;32;32;0;0;0;0;0;0;0;21;21;0;11;11;0;0;0;0;1
2016;ENE - DIC;19/01/2017;ENT002;PROGRAMA INTEGRAL NACIONAL PARA EL BIENESTAR FAMILIAR;LIN001;PROTECCIÓN INTEGRAL;SER007;CENTRO DE ACOGIDA RESIDENCIAL - USPNNA;140112;LAMBAYEQUE;CHICLAYO;PIMENTEL;231700;HOGAR SAN JUAN BOSCO;1;71;71;0;0;0;0;0;0;0;0;0;0;64;64;0;7;7;0;10
2016;ENE - DIC;19/01/2017;ENT002;PROGRAMA INTEGRAL NACIONAL PARA EL BIENESTAR FAMILIAR;LIN001;PROTECCIÓN INTEGRAL;SER007;CENTRO DE ACOGIDA RESIDENCIAL - USPNNA;150136;LIMA METROPOLITANA;LIMA;SAN MIGUEL;220300;HOGAR ERMELINDA CARRERA;1;201;0;201;1;0;1;0;0;0;1;0;1;138;0;138;61;0;61;14
2016;ENE - DIC;19/01/2017;ENT002;PROGRAMA INTEGRAL NACIONAL PARA EL BIENESTAR FAMILIAR;LIN001;PROTECCIÓN INTEGRAL;SER007;CENTRO DE ACOGIDA RESIDENCIAL - USPNNA;150136;LIMA METROPOLITANA;LIMA;SAN MIGUEL;220400;HOGAR DIVINO JESÚS;1;100;54;46;35;13;22;58;35;23;7;6;1;0;0;0;0;0;0;7
2016;ENE - DIC;19/01/2017;ENT002;PROGRAMA INTEGRAL NACIONAL PARA EL BIENESTAR FAMILIAR;LIN001;PROTECCIÓN INTEGRAL;SER007;CENTRO DE ACOGIDA RESIDENCIAL - USPNNA;150121;LIMA METROPOLITANA;LIMA;MAGDALENA VIEJA;220500;HOGAR ARCO IRIS;1;36;11;25;0;0;0;6;2;4;29;9;20;1;0;1;0;0;0;1
2016;ENE - DIC;19/01/2017;ENT002;PROGRAMA INTEGRAL NACIONAL PARA EL BIENESTAR FAMILIAR;LIN001;PROTECCIÓN INTEGRAL;SER007;CENTRO DE ACOGIDA RESIDENCIAL - USPNNA;150136;LIMA METROPOLITANA;LIMA;SAN MIGUEL;220600;CASAS HOGAR SAN MIGUEL ARCÁNGEL;1;80;37;43;0;0;0;8;6;2;32;13;19;34;17;17;6;1;5;7
2016;ENE - DIC;19/01/2017;ENT002;PROGRAMA INTEGRAL NACIONAL PARA EL BIENESTAR FAMILIAR;LIN001;PROTECCIÓN INTEGRAL;SER007;CENTRO DE ACOGIDA RESIDENCIAL - USPNNA;150117;LIMA METROPOLITANA;LIMA;LOS OLIVOS;220800;CASAS HOGAR SAGRADO CORAZÓN;1;57;0;57;0;0;0;0;0;0;0;0;0;51;0;51;6;0;6;11
2016;ENE - DIC;19/01/2017;ENT002;PROGRAMA INTEGRAL NACIONAL PARA EL BIENESTAR FAMILIAR;LIN001;PROTECCIÓN INTEGRAL;SER007;CENTRO DE ACOGIDA RESIDENCIAL - USPNNA;150103;LIMA METROPOLITANA;LIMA;ATE;221100;HOGAR ALDEA INFANTIL SAN RICARDO;1;67;43;24;0;0;0;3;1;2;16;7;9;40;28;12;8;7;1;2
2016;ENE - DIC;19/01/2017;ENT002;PROGRAMA INTEGRAL NACIONAL PARA EL BIENESTAR FAMILIAR;LIN001;PROTECCIÓN INTEGRAL;SER007;CENTRO DE ACOGIDA RESIDENCIAL - USPNNA;150103;LIMA METROPOLITANA;LIMA;ATE;221200;HOGAR CASA ESTANCIA DOMI;1;49;13;36;12;7;5;11;6;5;0;0;0;23;0;23;3;0;3;9
2016;ENE - DIC;19/01/2017;ENT002;PROGRAMA INTEGRAL NACIONAL PARA EL BIENESTAR FAMILIAR;LIN001;PROTECCIÓN INTEGRAL;SER007;CENTRO DE ACOGIDA RESIDENCIAL - USPNNA;150108;LIMA METROPOLITANA;LIMA;CHORRILLOS;222100;HOGAR NIÑO JESÚS DE PRAGA - CHORRILLOS;1;44;0;44;0;0;0;0;0;0;40;0;40;4;0;4;0;0;0;10
2016;ENE - DIC;19/01/2017;ENT002;PROGRAMA INTEGRAL NACIONAL PARA EL BIENESTAR FAMILIAR;LIN001;PROTECCIÓN INTEGRAL;SER007;CENTRO DE ACOGIDA RESIDENCIAL - USPNNA;150121;LIMA METROPOLITANA;LIMA;MAGDALENA VIEJA;233010;HOGAR LAZOS DE AMOR;1;42;14;28;0;0;0;10;3;7;22;9;13;10;2;8;0;0;0;0
2016;ENE - DIC;19/01/2017;ENT002;PROGRAMA INTEGRAL NACIONAL PARA EL BIENESTAR FAMILIAR;LIN001;PROTECCIÓN INTEGRAL;SER007;CENTRO DE ACOGIDA RESIDENCIAL - USPNNA;150135;LIMA METROPOLITANA;LIMA;SAN MARTÍN DE PORRES;233110;HOGAR GRACIA;1;30;0;30;0;0;0;0;0;0;0;0;0;30;0;30;0;0;0;10
2016;ENE - DIC;19/01/2017;ENT002;PROGRAMA INTEGRAL NACIONAL PARA EL BIENESTAR FAMILIAR;LIN001;PROTECCIÓN INTEGRAL;SER007;CENTRO DE ACOGIDA RESIDENCIAL - USPNNA;160108;LORETO;MAYNAS;PUNCHANA;231800;HOGAR PADRE ANGEL RODRÍGUEZ;1;66;66;0;0;0;0;2;2;0;16;16;0;47;47;0;1;1;0;5
2016;ENE - DIC;19/01/2017;ENT002;PROGRAMA INTEGRAL NACIONAL PARA EL BIENESTAR FAMILIAR;LIN001;PROTECCIÓN INTEGRAL;SER007;CENTRO DE ACOGIDA RESIDENCIAL - USPNNA;160108;LORETO;MAYNAS;PUNCHANA;232400;HOGAR CASA DE ACOGIDA SANTA LORENA;1;99;0;99;1;0;1;1;0;1;4;0;4;93;0;93;0;0;0;15
2016;ENE - DIC;19/01/2017;ENT002;PROGRAMA INTEGRAL NACIONAL PARA EL BIENESTAR FAMILIAR;LIN001;PROTECCIÓN INTEGRAL;SER007;CENTRO DE ACOGIDA RESIDENCIAL - USPNNA;210101;PUNO;PUNO;PUNO;231900;HOGAR VÍRGEN DE FÁTIMA;1;149;3;146;4;2;2;1;1;0;14;0;14;127;0;127;3;0;3;56
2016;ENE - DIC;19/01/2017;ENT002;PROGRAMA INTEGRAL NACIONAL PARA EL BIENESTAR FAMILIAR;LIN001;PROTECCIÓN INTEGRAL;SER007;CENTRO DE ACOGIDA RESIDENCIAL - USPNNA;210101;PUNO;PUNO;PUNO;232000;HOGAR SAN MARTÍN DE PORRES;1;82;82;0;0;0;0;0;0;0;0;0;0;77;77;0;5;5;0;29
2016;ENE - DIC;19/01/2017;ENT002;PROGRAMA INTEGRAL NACIONAL PARA EL BIENESTAR FAMILIAR;LIN001;PROTECCIÓN INTEGRAL;SER007;CENTRO DE ACOGIDA RESIDENCIAL - USPNNA;211101;PUNO;SAN ROMÁN;JULIACA;232100;HOGAR SAGRADO CORAZÓN DE JESÚS;1;41;41;0;1;1;0;4;4;0;25;25;0;11;11;0;0;0;0;14
2016;ENE - DIC;19/01/2017;ENT002;PROGRAMA INTEGRAL NACIONAL PARA EL BIENESTAR FAMILIAR;LIN001;PROTECCIÓN INTEGRAL;SER007;CENTRO DE ACOGIDA RESIDENCIAL - USPNNA;230101;TACNA;TACNA;TACNA;232200;HOGAR SANTO DOMINGO SAVIO;1;99;42;57;1;0;1;0;0;0;3;0;3;90;39;51;5;3;2;42
2016;ENE - DIC;19/01/2017;ENT002;PROGRAMA INTEGRAL NACIONAL PARA EL BIENESTAR FAMILIAR;LIN001;PROTECCIÓN INTEGRAL;SER007;CENTRO DE ACOGIDA RESIDENCIAL - USPNNA;240301;TUMBES;ZARUMILLA;ZARUMILLA;131890;HOGAR MEDALLA MILAGROSA;1;34;12;22;1;1;0;4;0;4;16;7;9;13;4;9;0;0;0;7
2016;ENE - DIC;19/01/2017;ENT002;PROGRAMA INTEGRAL NACIONAL PARA EL BIENESTAR FAMILIAR;LIN001;PROTECCIÓN INTEGRAL;SER007;CENTRO DE ACOGIDA RESIDENCIAL - USPNNA;180101;MOQUEGUA;MARISCAL NIETO;MOQUEGUA;232700;HOGAR SANTA FORTUNATA - MOQUEGUA;1;22;8;14;1;0;1;7;4;3;7;2;5;7;2;5;0;0;0;1
2016;ENE - DIC;19/01/2017;ENT002;PROGRAMA INTEGRAL NACIONAL PARA EL BIENESTAR FAMILIAR;LIN001;PROTECCIÓN INTEGRAL;SER007;CENTRO DE ACOGIDA RESIDENCIAL - USPNNA;120114;JUNÍN;HUANCAYO;EL TAMBO;232800;CAR VIDAS - JUNÍN;1;30;5;25;10;5;5;3;0;3;0;0;0;17;0;17;0;0;0;9
2016;ENE - DIC;19/01/2017;ENT002;PROGRAMA INTEGRAL NACIONAL PARA EL BIENESTAR FAMILIAR;LIN001;PROTECCIÓN INTEGRAL;SER007;CENTRO DE ACOGIDA RESIDENCIAL - USPNNA;160108;LORETO;MAYNAS;PUNCHANA;232900;CAR VIDAS - LORETO;1;48;10;38;18;8;10;2;1;1;0;0;0;27;1;26;1;0;1;9
2016;ENE - DIC;19/01/2017;ENT002;PROGRAMA INTEGRAL NACIONAL PARA EL BIENESTAR FAMILIAR;LIN001;PROTECCIÓN INTEGRAL;SER007;CENTRO DE ACOGIDA RESIDENCIAL - USPNNA;150136;LIMA METROPOLITANA;LIMA;SAN MIGUEL;234000;CAR VIDAS - LIMA;1;61;13;48;25;10;15;3;2;1;4;1;3;29;0;29;0;0;0;9
2016;ENE - DIC;19/01/2017;ENT002;PROGRAMA INTEGRAL NACIONAL PARA EL BIENESTAR FAMILIAR;LIN001;PROTECCIÓN INTEGRAL;SER007;CENTRO DE ACOGIDA RESIDENCIAL - USPNNA;170102;MADRE DE DIOS;TAMBOPATA;INAMBARI;235000;CAR FLORECER;1;43;0;43;0;0;0;0;0;0;0;0;0;43;0;43;0;0;0;26
2016;ENE - DIC;19/01/2017;ENT002;PROGRAMA INTEGRAL NACIONAL PARA EL BIENESTAR FAMILIAR;LIN001;PROTECCIÓN INTEGRAL;SER007;CENTRO DE ACOGIDA RESIDENCIAL - USPNNA;150101;LIMA METROPOLITANA;LIMA;LIMA;220200;HOGAR SAN FRANCISCO DE ASÍS;1;27;27;0;;;;;;;;;;12;12;0;15;15;0;2
2017;ENE - DIC;23/01/2018;ENT002;PROGRAMA INTEGRAL NACIONAL PARA EL BIENESTAR FAMILIAR;LIN001;PROTECCIÓN INTEGRAL;SER007;CENTRO DE ACOGIDA RESIDENCIAL - USPNNA;021809;ÁNCASH;SANTA;NUEVO CHIMBOTE;230100;HOGAR SAN PEDRITO;1;104;36;68;3;1;2;10;5;5;31;12;19;56;16;40;4;2;2;16
2017;ENE - DIC;23/01/2018;ENT002;PROGRAMA INTEGRAL NACIONAL PARA EL BIENESTAR FAMILIAR;LIN001;PROTECCIÓN INTEGRAL;SER007;CENTRO DE ACOGIDA RESIDENCIAL - USPNNA;040101;AREQUIPA;AREQUIPA;AREQUIPA;230200;HOGAR SAN LUIS GONZAGA;1;98;98;0;0;0;0;0;0;0;6;6;0;87;87;0;5;5;0;43
2017;ENE - DIC;23/01/2018;ENT002;PROGRAMA INTEGRAL NACIONAL PARA EL BIENESTAR FAMILIAR;LIN001;PROTECCIÓN INTEGRAL;SER007;CENTRO DE ACOGIDA RESIDENCIAL - USPNNA;040101;AREQUIPA;AREQUIPA;AREQUIPA;230300;HOGAR SAN JOSÉ AREQUIPA;1;74;0;74;0;0;0;0;0;0;0;0;0;67;0;67;7;0;7;31
2017;ENE - DIC;23/01/2018;ENT002;PROGRAMA INTEGRAL NACIONAL PARA EL BIENESTAR FAMILIAR;LIN001;PROTECCIÓN INTEGRAL;SER007;CENTRO DE ACOGIDA RESIDENCIAL - USPNNA;050101;AYACUCHO;HUAMANGA;AYACUCHO;230500;HOGAR URPI;1;38;38;0;0;0;0;3;3;0;24;24;0;11;11;0;0;0;0;21
2017;ENE - DIC;23/01/2018;ENT002;PROGRAMA INTEGRAL NACIONAL PARA EL BIENESTAR FAMILIAR;LIN001;PROTECCIÓN INTEGRAL;SER007;CENTRO DE ACOGIDA RESIDENCIAL - USPNNA;070102;CALLAO;CALLAO;BELLAVISTA;220100;HOGAR SAN ANTONIO;1;92;47;45;0;0;0;9;1;8;45;24;21;33;20;13;5;2;3;16
2017;ENE - DIC;23/01/2018;ENT002;PROGRAMA INTEGRAL NACIONAL PARA EL BIENESTAR FAMILIAR;LIN001;PROTECCIÓN INTEGRAL;SER007;CENTRO DE ACOGIDA RESIDENCIAL - USPNNA;070101;CALLAO;CALLAO;CALLAO;220700;CASA DE LA MUJER Y PROMOCIÓN COMUNAL SANTA ROSA;1;46;1;45;1;0;1;3;1;2;0;0;0;39;0;39;3;0;3;24
2017;ENE - DIC;23/01/2018;ENT002;PROGRAMA INTEGRAL NACIONAL PARA EL BIENESTAR FAMILIAR;LIN001;PROTECCIÓN INTEGRAL;SER007;CENTRO DE ACOGIDA RESIDENCIAL - USPNNA;080101;CUSCO;CUSCO;CUSCO;230600;HOGAR BUEN PASTOR;1;68;0;68;0;0;0;0;0;0;2;0;2;64;0;64;2;0;2;15
2017;ENE - DIC;23/01/2018;ENT002;PROGRAMA INTEGRAL NACIONAL PARA EL BIENESTAR FAMILIAR;LIN001;PROTECCIÓN INTEGRAL;SER007;CENTRO DE ACOGIDA RESIDENCIAL - USPNNA;080106;CUSCO;CUSCO;SANTIAGO;230700;HOGAR JESÚS MI LUZ;1;55;55;0;0;0;0;0;0;0;24;24;0;28;28;0;3;3;0;13
2017;ENE - DIC;23/01/2018;ENT002;PROGRAMA INTEGRAL NACIONAL PARA EL BIENESTAR FAMILIAR;LIN001;PROTECCIÓN INTEGRAL;SER007;CENTRO DE ACOGIDA RESIDENCIAL - USPNNA;080910;CUSCO;LA CONVENCIÓN;PICHARI;232600;HOGAR ESPERANZA DE PICHARI;1;50;30;20;2;1;1;9;5;4;22;14;8;17;10;7;0;0;0;14
2017;ENE - DIC;23/01/2018;ENT002;PROGRAMA INTEGRAL NACIONAL PARA EL BIENESTAR FAMILIAR;LIN001;PROTECCIÓN INTEGRAL;SER007;CENTRO DE ACOGIDA RESIDENCIAL - USPNNA;100601;HUÁNUCO;LEONCIO PRADO;RUPA-RUPA;230800;HOGAR SANTA TERESITA DEL NIÑO JESÚS;1;108;38;70;1;0;1;7;3;4;24;13;11;75;22;53;1;0;1;19
2017;ENE - DIC;23/01/2018;ENT002;PROGRAMA INTEGRAL NACIONAL PARA EL BIENESTAR FAMILIAR;LIN001;PROTECCIÓN INTEGRAL;SER007;CENTRO DE ACOGIDA RESIDENCIAL - USPNNA;100101;HUÁNUCO;HUÁNUCO;HUÁNUCO;230900;HOGAR PILLCO MOZO;1;51;34;17;0;0;0;5;4;1;34;21;13;12;9;3;0;0;0;16
2017;ENE - DIC;23/01/2018;ENT002;PROGRAMA INTEGRAL NACIONAL PARA EL BIENESTAR FAMILIAR;LIN001;PROTECCIÓN INTEGRAL;SER007;CENTRO DE ACOGIDA RESIDENCIAL - USPNNA;110101;ICA;ICA;ICA;231000;HOGAR SEÑOR DE LUREN;1;58;58;0;0;0;0;1;1;0;12;12;0;45;45;0;0;0;0;2
2017;ENE - DIC;23/01/2018;ENT002;PROGRAMA INTEGRAL NACIONAL PARA EL BIENESTAR FAMILIAR;LIN001;PROTECCIÓN INTEGRAL;SER007;CENTRO DE ACOGIDA RESIDENCIAL - USPNNA;110201;ICA;CHINCHA;CHINCHA ALTA;231100;HOGAR PAÚL HARRIS;1;100;0;100;0;0;0;2;0;2;14;0;14;83;0;83;1;0;1;14
2017;ENE - DIC;23/01/2018;ENT002;PROGRAMA INTEGRAL NACIONAL PARA EL BIENESTAR FAMILIAR;LIN001;PROTECCIÓN INTEGRAL;SER007;CENTRO DE ACOGIDA RESIDENCIAL - USPNNA;120114;JUNÍN;HUANCAYO;EL TAMBO;231200;HOGAR ANDRÉS AVELINO CÁCERES;1;65;65;0;0;0;0;0;0;0;24;24;0;37;37;0;4;4;0;17
2017;ENE - DIC;23/01/2018;ENT002;PROGRAMA INTEGRAL NACIONAL PARA EL BIENESTAR FAMILIAR;LIN001;PROTECCIÓN INTEGRAL;SER007;CENTRO DE ACOGIDA RESIDENCIAL - USPNNA;130111;LA LIBERTAD;TRUJILLO;VÍCTOR LARCO HERRERA;231300;HOGAR LA NIÑA;1;67;0;67;0;0;0;0;0;0;6;0;6;57;0;57;4;0;4;25
2017;ENE - DIC;23/01/2018;ENT002;PROGRAMA INTEGRAL NACIONAL PARA EL BIENESTAR FAMILIAR;LIN001;PROTECCIÓN INTEGRAL;SER007;CENTRO DE ACOGIDA RESIDENCIAL - USPNNA;130101;LA LIBERTAD;TRUJILLO;TRUJILLO;231400;HOGAR SAN JOSÉ;1;57;57;0;0;0;0;0;0;0;7;7;0;48;48;0;2;2;0;15
2017;ENE - DIC;23/01/2018;ENT002;PROGRAMA INTEGRAL NACIONAL PARA EL BIENESTAR FAMILIAR;LIN001;PROTECCIÓN INTEGRAL;SER007;CENTRO DE ACOGIDA RESIDENCIAL - USPNNA;140101;LAMBAYEQUE;CHICLAYO;CHICLAYO;231500;HOGAR ROSA MARÍA CHECA;1;74;0;74;0;0;0;0;0;0;1;0;1;71;0;71;2;0;2;15
2017;ENE - DIC;23/01/2018;ENT002;PROGRAMA INTEGRAL NACIONAL PARA EL BIENESTAR FAMILIAR;LIN001;PROTECCIÓN INTEGRAL;SER007;CENTRO DE ACOGIDA RESIDENCIAL - USPNNA;140101;LAMBAYEQUE;CHICLAYO;CHICLAYO;231600;HOGAR SAN VICENTE DE PAÚL;1;32;32;0;0;0;0;0;0;0;23;23;0;9;9;0;0;0;0;6
2017;ENE - DIC;23/01/2018;ENT002;PROGRAMA INTEGRAL NACIONAL PARA EL BIENESTAR FAMILIAR;LIN001;PROTECCIÓN INTEGRAL;SER007;CENTRO DE ACOGIDA RESIDENCIAL - USPNNA;140112;LAMBAYEQUE;CHICLAYO;PIMENTEL;231700;HOGAR SAN JUAN BOSCO;1;56;56;0;0;0;0;0;0;0;0;0;0;48;48;0;8;8;0;10
2017;ENE - DIC;23/01/2018;ENT002;PROGRAMA INTEGRAL NACIONAL PARA EL BIENESTAR FAMILIAR;LIN001;PROTECCIÓN INTEGRAL;SER007;CENTRO DE ACOGIDA RESIDENCIAL - USPNNA;150136;LIMA METROPOLITANA;LIMA;SAN MIGUEL;220300;HOGAR ERMELINDA CARRERA;1;194;0;194;0;0;0;0;0;0;0;0;0;151;0;151;41;0;41;23
2017;ENE - DIC;23/01/2018;ENT002;PROGRAMA INTEGRAL NACIONAL PARA EL BIENESTAR FAMILIAR;LIN001;PROTECCIÓN INTEGRAL;SER007;CENTRO DE ACOGIDA RESIDENCIAL - USPNNA;150136;LIMA METROPOLITANA;LIMA;SAN MIGUEL;220400;HOGAR DIVINO JESÚS;1;105;57;48;26;15;11;62;28;34;17;14;3;0;0;0;0;0;0;2
2017;ENE - DIC;23/01/2018;ENT002;PROGRAMA INTEGRAL NACIONAL PARA EL BIENESTAR FAMILIAR;LIN001;PROTECCIÓN INTEGRAL;SER007;CENTRO DE ACOGIDA RESIDENCIAL - USPNNA;150121;LIMA METROPOLITANA;LIMA;PUEBLO LIBRE;220500;HOGAR ARCO IRIS;1;34;10;24;0;0;0;7;1;6;26;8;18;1;1;0;0;0;0;6
2017;ENE - DIC;23/01/2018;ENT002;PROGRAMA INTEGRAL NACIONAL PARA EL BIENESTAR FAMILIAR;LIN001;PROTECCIÓN INTEGRAL;SER007;CENTRO DE ACOGIDA RESIDENCIAL - USPNNA;150136;LIMA METROPOLITANA;LIMA;SAN MIGUEL;220600;CASAS HOGAR SAN MIGUEL ARCÁNGEL;1;75;34;41;0;0;0;9;6;3;29;12;17;34;16;18;3;0;3;7
2017;ENE - DIC;23/01/2018;ENT002;PROGRAMA INTEGRAL NACIONAL PARA EL BIENESTAR FAMILIAR;LIN001;PROTECCIÓN INTEGRAL;SER007;CENTRO DE ACOGIDA RESIDENCIAL - USPNNA;150117;LIMA METROPOLITANA;LIMA;LOS OLIVOS;220800;CASAS HOGAR SAGRADO CORAZÓN;1;72;0;72;0;0;0;0;0;0;0;0;0;70;0;70;2;0;2;17
2017;ENE - DIC;23/01/2018;ENT002;PROGRAMA INTEGRAL NACIONAL PARA EL BIENESTAR FAMILIAR;LIN001;PROTECCIÓN INTEGRAL;SER007;CENTRO DE ACOGIDA RESIDENCIAL - USPNNA;150103;LIMA METROPOLITANA;LIMA;ATE;221100;HOGAR ALDEA INFANTIL SAN RICARDO;1;54;37;17;0;0;0;1;0;1;11;7;4;37;26;11;5;4;1;5
2017;ENE - DIC;23/01/2018;ENT002;PROGRAMA INTEGRAL NACIONAL PARA EL BIENESTAR FAMILIAR;LIN001;PROTECCIÓN INTEGRAL;SER007;CENTRO DE ACOGIDA RESIDENCIAL - USPNNA;150103;LIMA METROPOLITANA;LIMA;ATE;221200;HOGAR CASA ESTANCIA DOMI;1;53;11;42;13;6;7;10;5;5;0;0;0;27;0;27;3;0;3;19
2017;ENE - DIC;23/01/2018;ENT002;PROGRAMA INTEGRAL NACIONAL PARA EL BIENESTAR FAMILIAR;LIN001;PROTECCIÓN INTEGRAL;SER007;CENTRO DE ACOGIDA RESIDENCIAL - USPNNA;150108;LIMA METROPOLITANA;LIMA;CHORRILLOS;222100;HOGAR NIÑO JESÚS DE PRAGA - CHORRILLOS;1;37;0;37;1;0;1;2;0;2;28;0;28;6;0;6;0;0;0;10
2017;ENE - DIC;23/01/2018;ENT002;PROGRAMA INTEGRAL NACIONAL PARA EL BIENESTAR FAMILIAR;LIN001;PROTECCIÓN INTEGRAL;SER007;CENTRO DE ACOGIDA RESIDENCIAL - USPNNA;150121;LIMA METROPOLITANA;LIMA;PUEBLO LIBRE;233010;HOGAR LAZOS DE AMOR;1;34;10;24;0;0;0;8;2;6;16;6;10;10;2;8;0;0;0;10
2017;ENE - DIC;23/01/2018;ENT002;PROGRAMA INTEGRAL NACIONAL PARA EL BIENESTAR FAMILIAR;LIN001;PROTECCIÓN INTEGRAL;SER007;CENTRO DE ACOGIDA RESIDENCIAL - USPNNA;150135;LIMA METROPOLITANA;LIMA;SAN MARTÍN DE PORRES;233110;HOGAR GRACIA;1;23;0;23;0;0;0;0;0;0;1;0;1;22;0;22;0;0;0;4
2017;ENE - DIC;23/01/2018;ENT002;PROGRAMA INTEGRAL NACIONAL PARA EL BIENESTAR FAMILIAR;LIN001;PROTECCIÓN INTEGRAL;SER007;CENTRO DE ACOGIDA RESIDENCIAL - USPNNA;160108;LORETO;MAYNAS;PUNCHANA;231800;HOGAR PADRE ANGEL RODRÍGUEZ;1;63;63;0;0;0;0;1;1;0;16;16;0;44;44;0;2;2;0;9
2017;ENE - DIC;23/01/2018;ENT002;PROGRAMA INTEGRAL NACIONAL PARA EL BIENESTAR FAMILIAR;LIN001;PROTECCIÓN INTEGRAL;SER007;CENTRO DE ACOGIDA RESIDENCIAL - USPNNA;160108;LORETO;MAYNAS;PUNCHANA;232400;HOGAR CASA DE ACOGIDA SANTA LORENA;1;90;0;90;0;0;0;0;0;0;2;0;2;85;0;85;3;0;3;29
2017;ENE - DIC;23/01/2018;ENT002;PROGRAMA INTEGRAL NACIONAL PARA EL BIENESTAR FAMILIAR;LIN001;PROTECCIÓN INTEGRAL;SER007;CENTRO DE ACOGIDA RESIDENCIAL - USPNNA;210101;PUNO;PUNO;PUNO;231900;HOGAR VÍRGEN DE FÁTIMA;1;151;1;150;4;1;3;1;0;1;15;0;15;129;0;129;2;0;2;69
2017;ENE - DIC;23/01/2018;ENT002;PROGRAMA INTEGRAL NACIONAL PARA EL BIENESTAR FAMILIAR;LIN001;PROTECCIÓN INTEGRAL;SER007;CENTRO DE ACOGIDA RESIDENCIAL - USPNNA;210101;PUNO;PUNO;PUNO;232000;HOGAR SAN MARTÍN DE PORRES;1;67;67;0;1;1;0;0;0;0;0;0;0;65;65;0;1;1;0;30
2017;ENE - DIC;23/01/2018;ENT002;PROGRAMA INTEGRAL NACIONAL PARA EL BIENESTAR FAMILIAR;LIN001;PROTECCIÓN INTEGRAL;SER007;CENTRO DE ACOGIDA RESIDENCIAL - USPNNA;211101;PUNO;SAN ROMÁN;JULIACA;232100;HOGAR SAGRADO CORAZÓN DE JESÚS;1;37;37;0;0;0;0;3;3;0;26;26;0;8;8;0;0;0;0;7
2017;ENE - DIC;23/01/2018;ENT002;PROGRAMA INTEGRAL NACIONAL PARA EL BIENESTAR FAMILIAR;LIN001;PROTECCIÓN INTEGRAL;SER007;CENTRO DE ACOGIDA RESIDENCIAL - USPNNA;230101;TACNA;TACNA;TACNA;232200;HOGAR SANTO DOMINGO SAVIO;1;77;35;42;0;0;0;0;0;0;4;2;2;72;33;39;1;0;1;36
2017;ENE - DIC;23/01/2018;ENT002;PROGRAMA INTEGRAL NACIONAL PARA EL BIENESTAR FAMILIAR;LIN001;PROTECCIÓN INTEGRAL;SER007;CENTRO DE ACOGIDA RESIDENCIAL - USPNNA;240301;TUMBES;ZARUMILLA;ZARUMILLA;131890;HOGAR MEDALLA MILAGROSA;1;28;12;16;2;2;0;4;0;4;13;7;6;9;3;6;0;0;0;5
2017;ENE - DIC;23/01/2018;ENT002;PROGRAMA INTEGRAL NACIONAL PARA EL BIENESTAR FAMILIAR;LIN001;PROTECCIÓN INTEGRAL;SER007;CENTRO DE ACOGIDA RESIDENCIAL - USPNNA;180101;MOQUEGUA;MARISCAL NIETO;MOQUEGUA;232700;HOGAR SANTA FORTUNATA - MOQUEGUA;1;24;8;16;1;0;1;4;2;2;10;4;6;9;2;7;0;0;0;7
2017;ENE - DIC;23/01/2018;ENT002;PROGRAMA INTEGRAL NACIONAL PARA EL BIENESTAR FAMILIAR;LIN001;PROTECCIÓN INTEGRAL;SER007;CENTRO DE ACOGIDA RESIDENCIAL - USPNNA;120114;JUNÍN;HUANCAYO;EL TAMBO;232800;CAR VIDAS - JUNÍN;1;43;11;32;12;5;7;9;6;3;0;0;0;19;0;19;3;0;3;14
2017;ENE - DIC;23/01/2018;ENT002;PROGRAMA INTEGRAL NACIONAL PARA EL BIENESTAR FAMILIAR;LIN001;PROTECCIÓN INTEGRAL;SER007;CENTRO DE ACOGIDA RESIDENCIAL - USPNNA;160108;LORETO;MAYNAS;PUNCHANA;232900;CAR VIDAS - LORETO;1;56;13;43;18;11;7;8;2;6;0;0;0;26;0;26;4;0;4;20
2017;ENE - DIC;23/01/2018;ENT002;PROGRAMA INTEGRAL NACIONAL PARA EL BIENESTAR FAMILIAR;LIN001;PROTECCIÓN INTEGRAL;SER007;CENTRO DE ACOGIDA RESIDENCIAL - USPNNA;150136;LIMA METROPOLITANA;LIMA;SAN MIGUEL;234000;CAR VIDAS - LIMA;1;58;13;45;19;8;11;8;4;4;0;0;0;29;1;28;2;0;2;21
2017;ENE - DIC;23/01/2018;ENT002;PROGRAMA INTEGRAL NACIONAL PARA EL BIENESTAR FAMILIAR;LIN001;PROTECCIÓN INTEGRAL;SER007;CENTRO DE ACOGIDA RESIDENCIAL - USPNNA;170102;MADRE DE DIOS;TAMBOPATA;INAMBARI;235000;CAR FLORECER;1;50;0;50;0;0;0;0;0;0;0;0;0;48;0;48;2;0;2;30
2018;ENE - DIC;15/01/2019;ENT002;PROGRAMA INTEGRAL NACIONAL PARA EL BIENESTAR FAMILIAR;LIN001;PROTECCIÓN INTEGRAL;SER007;CENTRO DE ACOGIDA RESIDENCIAL - USPNNA;021809;ÁNCASH;SANTA;NUEVO CHIMBOTE;230100;HOGAR SAN PEDRITO;1;110;37;73;0;0;0;6;2;4;28;10;18;64;20;44;;;;10
2018;ENE - DIC;15/01/2019;ENT002;PROGRAMA INTEGRAL NACIONAL PARA EL BIENESTAR FAMILIAR;LIN001;PROTECCIÓN INTEGRAL;SER007;CENTRO DE ACOGIDA RESIDENCIAL - USPNNA;040101;AREQUIPA;AREQUIPA;AREQUIPA;230200;HOGAR SAN LUIS GONZAGA;1;92;92;0;0;0;0;0;0;0;9;9;0;73;73;0;;;;14
2018;ENE - DIC;15/01/2019;ENT002;PROGRAMA INTEGRAL NACIONAL PARA EL BIENESTAR FAMILIAR;LIN001;PROTECCIÓN INTEGRAL;SER007;CENTRO DE ACOGIDA RESIDENCIAL - USPNNA;050101;AYACUCHO;HUAMANGA;AYACUCHO;230500;HOGAR URPI;1;56;56;0;0;0;0;3;3;0;23;23;0;28;28;0;;;;10
2018;ENE - DIC;15/01/2019;ENT002;PROGRAMA INTEGRAL NACIONAL PARA EL BIENESTAR FAMILIAR;LIN001;PROTECCIÓN INTEGRAL;SER007;CENTRO DE ACOGIDA RESIDENCIAL - USPNNA;070102;CALLAO;CALLAO;BELLAVISTA;220100;HOGAR SAN ANTONIO;1;71;36;35;0;0;0;9;2;7;27;18;9;24;15;9;;;;0
2018;ENE - DIC;15/01/2019;ENT002;PROGRAMA INTEGRAL NACIONAL PARA EL BIENESTAR FAMILIAR;LIN001;PROTECCIÓN INTEGRAL;SER007;CENTRO DE ACOGIDA RESIDENCIAL - USPNNA;070101;CALLAO;CALLAO;CALLAO;220700;CASA DE LA MUJER Y PROMOCIÓN COMUNAL SANTA ROSA;0;14;1;13;0;0;0;2;1;1;0;0;0;9;0;9;;;;1
2018;ENE - DIC;15/01/2019;ENT002;PROGRAMA INTEGRAL NACIONAL PARA EL BIENESTAR FAMILIAR;LIN001;PROTECCIÓN INTEGRAL;SER007;CENTRO DE ACOGIDA RESIDENCIAL - USPNNA;080101;CUSCO;CUSCO;CUSCO;230600;HOGAR BUEN PASTOR;1;90;0;90;0;0;0;0;0;0;4;0;4;75;0;75;;;;13
2018;ENE - DIC;15/01/2019;ENT002;PROGRAMA INTEGRAL NACIONAL PARA EL BIENESTAR FAMILIAR;LIN001;PROTECCIÓN INTEGRAL;SER007;CENTRO DE ACOGIDA RESIDENCIAL - USPNNA;080106;CUSCO;CUSCO;SANTIAGO;230700;HOGAR JESÚS MI LUZ;1;59;52;7;0;0;0;0;0;0;24;21;3;30;26;4;;;;2
2018;ENE - DIC;15/01/2019;ENT002;PROGRAMA INTEGRAL NACIONAL PARA EL BIENESTAR FAMILIAR;LIN001;PROTECCIÓN INTEGRAL;SER007;CENTRO DE ACOGIDA RESIDENCIAL - USPNNA;080910;CUSCO;LA CONVENCIÓN;PICHARI;232600;HOGAR ESPERANZA DE PICHARI;1;49;22;27;0;0;0;12;5;7;22;11;11;15;6;9;;;;1
2018;ENE - DIC;15/01/2019;ENT002;PROGRAMA INTEGRAL NACIONAL PARA EL BIENESTAR FAMILIAR;LIN001;PROTECCIÓN INTEGRAL;SER007;CENTRO DE ACOGIDA RESIDENCIAL - USPNNA;100601;HUÁNUCO;LEONCIO PRADO;RUPA-RUPA;230800;HOGAR SANTA TERESITA DEL NIÑO JESÚS;1;106;34;72;3;2;1;4;1;3;26;10;16;70;20;50;;;;8
2018;ENE - DIC;15/01/2019;ENT002;PROGRAMA INTEGRAL NACIONAL PARA EL BIENESTAR FAMILIAR;LIN001;PROTECCIÓN INTEGRAL;SER007;CENTRO DE ACOGIDA RESIDENCIAL - USPNNA;100101;HUÁNUCO;HUÁNUCO;HUÁNUCO;230900;HOGAR PILLCO MOZO;1;42;26;16;0;0;0;1;1;0;27;17;10;14;8;6;;;;9
2018;ENE - DIC;15/01/2019;ENT002;PROGRAMA INTEGRAL NACIONAL PARA EL BIENESTAR FAMILIAR;LIN001;PROTECCIÓN INTEGRAL;SER007;CENTRO DE ACOGIDA RESIDENCIAL - USPNNA;110101;ICA;ICA;ICA;231000;HOGAR SEÑOR DE LUREN;1;60;59;1;0;0;0;1;1;0;10;10;0;45;44;1;;;;5
2018;ENE - DIC;15/01/2019;ENT002;PROGRAMA INTEGRAL NACIONAL PARA EL BIENESTAR FAMILIAR;LIN001;PROTECCIÓN INTEGRAL;SER007;CENTRO DE ACOGIDA RESIDENCIAL - USPNNA;110201;ICA;CHINCHA;CHINCHA ALTA;231100;HOGAR PAÚL HARRIS;1;92;0;92;0;0;0;0;0;0;8;0;8;67;0;67;;;;2
2018;ENE - DIC;15/01/2019;ENT002;PROGRAMA INTEGRAL NACIONAL PARA EL BIENESTAR FAMILIAR;LIN001;PROTECCIÓN INTEGRAL;SER007;CENTRO DE ACOGIDA RESIDENCIAL - USPNNA;120114;JUNÍN;HUANCAYO;EL TAMBO;231200;HOGAR ANDRÉS AVELINO CÁCERES;1;64;64;0;0;0;0;0;0;0;14;14;0;44;44;0;;;;7
2018;ENE - DIC;15/01/2019;ENT002;PROGRAMA INTEGRAL NACIONAL PARA EL BIENESTAR FAMILIAR;LIN001;PROTECCIÓN INTEGRAL;SER007;CENTRO DE ACOGIDA RESIDENCIAL - USPNNA;130111;LA LIBERTAD;TRUJILLO;VÍCTOR LARCO HERRERA;231300;HOGAR LA NIÑA;1;73;0;73;1;0;1;0;0;0;7;0;7;59;0;59;;;;9
2018;ENE - DIC;15/01/2019;ENT002;PROGRAMA INTEGRAL NACIONAL PARA EL BIENESTAR FAMILIAR;LIN001;PROTECCIÓN INTEGRAL;SER007;CENTRO DE ACOGIDA RESIDENCIAL - USPNNA;130101;LA LIBERTAD;TRUJILLO;TRUJILLO;231400;HOGAR SAN JOSÉ;1;51;51;0;0;0;0;0;0;0;6;6;0;37;37;0;;;;1
2018;ENE - DIC;15/01/2019;ENT002;PROGRAMA INTEGRAL NACIONAL PARA EL BIENESTAR FAMILIAR;LIN001;PROTECCIÓN INTEGRAL;SER007;CENTRO DE ACOGIDA RESIDENCIAL - USPNNA;140101;LAMBAYEQUE;CHICLAYO;CHICLAYO;231500;HOGAR ROSA MARÍA CHECA;1;64;0;64;0;0;0;0;0;0;0;0;0;57;0;57;;;;1
2018;ENE - DIC;15/01/2019;ENT002;PROGRAMA INTEGRAL NACIONAL PARA EL BIENESTAR FAMILIAR;LIN001;PROTECCIÓN INTEGRAL;SER007;CENTRO DE ACOGIDA RESIDENCIAL - USPNNA;140101;LAMBAYEQUE;CHICLAYO;CHICLAYO;231600;HOGAR SAN VICENTE DE PAÚL;1;34;33;1;0;0;0;0;0;0;21;21;0;13;12;1;;;;0
2018;ENE - DIC;15/01/2019;ENT002;PROGRAMA INTEGRAL NACIONAL PARA EL BIENESTAR FAMILIAR;LIN001;PROTECCIÓN INTEGRAL;SER007;CENTRO DE ACOGIDA RESIDENCIAL - USPNNA;140112;LAMBAYEQUE;CHICLAYO;PIMENTEL;231700;HOGAR SAN JUAN BOSCO;1;47;47;0;0;0;0;0;0;0;0;0;0;36;36;0;;;;0
2018;ENE - DIC;15/01/2019;ENT002;PROGRAMA INTEGRAL NACIONAL PARA EL BIENESTAR FAMILIAR;LIN001;PROTECCIÓN INTEGRAL;SER007;CENTRO DE ACOGIDA RESIDENCIAL - USPNNA;150136;LIMA METROPOLITANA;LIMA;SAN MIGUEL;220300;HOGAR ERMELINDA CARRERA;1;170;1;169;0;0;0;1;1;0;0;0;0;104;0;104;;;;9
2018;ENE - DIC;15/01/2019;ENT002;PROGRAMA INTEGRAL NACIONAL PARA EL BIENESTAR FAMILIAR;LIN001;PROTECCIÓN INTEGRAL;SER007;CENTRO DE ACOGIDA RESIDENCIAL - USPNNA;150136;LIMA METROPOLITANA;LIMA;SAN MIGUEL;220400;HOGAR DIVINO JESÚS;1;92;51;41;7;4;3;67;34;33;17;12;5;1;1;0;;;;1
2018;ENE - DIC;15/01/2019;ENT002;PROGRAMA INTEGRAL NACIONAL PARA EL BIENESTAR FAMILIAR;LIN001;PROTECCIÓN INTEGRAL;SER007;CENTRO DE ACOGIDA RESIDENCIAL - USPNNA;150121;LIMA METROPOLITANA;LIMA;PUEBLO LIBRE;220500;HOGAR ARCO IRIS;1;38;8;30;0;0;0;4;0;4;26;5;21;8;3;5;;;;3
2018;ENE - DIC;15/01/2019;ENT002;PROGRAMA INTEGRAL NACIONAL PARA EL BIENESTAR FAMILIAR;LIN001;PROTECCIÓN INTEGRAL;SER007;CENTRO DE ACOGIDA RESIDENCIAL - USPNNA;150136;LIMA METROPOLITANA;LIMA;SAN MIGUEL;220600;CASAS HOGAR SAN MIGUEL ARCÁNGEL;1;67;31;36;0;0;0;4;2;2;24;12;12;34;17;17;;;;2
2018;ENE - DIC;15/01/2019;ENT002;PROGRAMA INTEGRAL NACIONAL PARA EL BIENESTAR FAMILIAR;LIN001;PROTECCIÓN INTEGRAL;SER007;CENTRO DE ACOGIDA RESIDENCIAL - USPNNA;150117;LIMA METROPOLITANA;LIMA;LOS OLIVOS;220800;CASAS HOGAR SAGRADO CORAZÓN;1;53;0;53;0;0;0;0;0;0;1;0;1;48;0;48;;;;3
2018;ENE - DIC;15/01/2019;ENT002;PROGRAMA INTEGRAL NACIONAL PARA EL BIENESTAR FAMILIAR;LIN001;PROTECCIÓN INTEGRAL;SER007;CENTRO DE ACOGIDA RESIDENCIAL - USPNNA;150103;LIMA METROPOLITANA;LIMA;ATE;221100;HOGAR ALDEA INFANTIL SAN RICARDO;1;52;28;24;0;0;0;0;0;0;11;6;5;34;18;16;;;;0
2018;ENE - DIC;15/01/2019;ENT002;PROGRAMA INTEGRAL NACIONAL PARA EL BIENESTAR FAMILIAR;LIN001;PROTECCIÓN INTEGRAL;SER007;CENTRO DE ACOGIDA RESIDENCIAL - USPNNA;150103;LIMA METROPOLITANA;LIMA;ATE;221200;HOGAR CASA ESTANCIA DOMI;1;50;7;43;8;2;6;10;4;6;1;0;1;26;1;25;;;;5
2018;ENE - DIC;15/01/2019;ENT002;PROGRAMA INTEGRAL NACIONAL PARA EL BIENESTAR FAMILIAR;LIN001;PROTECCIÓN INTEGRAL;SER007;CENTRO DE ACOGIDA RESIDENCIAL - USPNNA;150108;LIMA METROPOLITANA;LIMA;CHORRILLOS;222100;HOGAR NIÑO JESÚS DE PRAGA - CHORRILLOS;1;41;0;41;0;0;0;3;0;3;26;0;26;12;0;12;;;;0
2018;ENE - DIC;15/01/2019;ENT002;PROGRAMA INTEGRAL NACIONAL PARA EL BIENESTAR FAMILIAR;LIN001;PROTECCIÓN INTEGRAL;SER007;CENTRO DE ACOGIDA RESIDENCIAL - USPNNA;150121;LIMA METROPOLITANA;LIMA;PUEBLO LIBRE;233010;HOGAR LAZOS DE AMOR;0;22;10;12;0;0;0;2;2;0;10;5;5;10;3;7;;;;1
2018;ENE - DIC;15/01/2019;ENT002;PROGRAMA INTEGRAL NACIONAL PARA EL BIENESTAR FAMILIAR;LIN001;PROTECCIÓN INTEGRAL;SER007;CENTRO DE ACOGIDA RESIDENCIAL - USPNNA;150135;LIMA METROPOLITANA;LIMA;SAN MARTÍN DE PORRES;233110;HOGAR GRACIA;1;37;0;37;0;0;0;0;0;0;2;0;2;25;0;25;;;;1
2018;ENE - DIC;15/01/2019;ENT002;PROGRAMA INTEGRAL NACIONAL PARA EL BIENESTAR FAMILIAR;LIN001;PROTECCIÓN INTEGRAL;SER007;CENTRO DE ACOGIDA RESIDENCIAL - USPNNA;160108;LORETO;MAYNAS;PUNCHANA;231800;HOGAR PADRE ANGEL RODRÍGUEZ;1;64;64;0;0;0;0;0;0;0;13;13;0;38;38;0;;;;4
2018;ENE - DIC;15/01/2019;ENT002;PROGRAMA INTEGRAL NACIONAL PARA EL BIENESTAR FAMILIAR;LIN001;PROTECCIÓN INTEGRAL;SER007;CENTRO DE ACOGIDA RESIDENCIAL - USPNNA;160108;LORETO;MAYNAS;PUNCHANA;232400;HOGAR CASA DE ACOGIDA SANTA LORENA;1;72;2;70;0;0;0;1;0;1;3;0;3;63;2;61;;;;6
2018;ENE - DIC;15/01/2019;ENT002;PROGRAMA INTEGRAL NACIONAL PARA EL BIENESTAR FAMILIAR;LIN001;PROTECCIÓN INTEGRAL;SER007;CENTRO DE ACOGIDA RESIDENCIAL - USPNNA;210101;PUNO;PUNO;PUNO;231900;HOGAR VÍRGEN DE FÁTIMA;1;141;6;135;7;2;5;0;0;0;15;0;15;103;4;99;;;;32
2018;ENE - DIC;15/01/2019;ENT002;PROGRAMA INTEGRAL NACIONAL PARA EL BIENESTAR FAMILIAR;LIN001;PROTECCIÓN INTEGRAL;SER007;CENTRO DE ACOGIDA RESIDENCIAL - USPNNA;210101;PUNO;PUNO;PUNO;232000;HOGAR SAN MARTÍN DE PORRES;1;71;69;2;0;0;0;0;0;0;4;4;0;61;59;2;;;;17
2018;ENE - DIC;15/01/2019;ENT002;PROGRAMA INTEGRAL NACIONAL PARA EL BIENESTAR FAMILIAR;LIN001;PROTECCIÓN INTEGRAL;SER007;CENTRO DE ACOGIDA RESIDENCIAL - USPNNA;211101;PUNO;SAN ROMÁN;JULIACA;232100;HOGAR SAGRADO CORAZÓN DE JESÚS;1;42;40;2;0;0;0;3;3;0;22;22;0;17;15;2;;;;14
2018;ENE - DIC;15/01/2019;ENT002;PROGRAMA INTEGRAL NACIONAL PARA EL BIENESTAR FAMILIAR;LIN001;PROTECCIÓN INTEGRAL;SER007;CENTRO DE ACOGIDA RESIDENCIAL - USPNNA;230101;TACNA;TACNA;TACNA;232200;HOGAR SANTO DOMINGO SAVIO;1;66;26;40;0;0;0;0;0;0;6;5;1;56;19;37;;;;13
2018;ENE - DIC;15/01/2019;ENT002;PROGRAMA INTEGRAL NACIONAL PARA EL BIENESTAR FAMILIAR;LIN001;PROTECCIÓN INTEGRAL;SER007;CENTRO DE ACOGIDA RESIDENCIAL - USPNNA;240301;TUMBES;ZARUMILLA;ZARUMILLA;131890;HOGAR MEDALLA MILAGROSA;1;98;35;63;4;4;0;5;2;3;8;3;5;78;25;53;;;;38
2018;ENE - DIC;15/01/2019;ENT002;PROGRAMA INTEGRAL NACIONAL PARA EL BIENESTAR FAMILIAR;LIN001;PROTECCIÓN INTEGRAL;SER007;CENTRO DE ACOGIDA RESIDENCIAL - USPNNA;180101;MOQUEGUA;MARISCAL NIETO;MOQUEGUA;232700;HOGAR SANTA FORTUNATA - MOQUEGUA;1;35;12;23;0;0;0;10;7;3;13;5;8;12;0;12;;;;6
2018;ENE - DIC;15/01/2019;ENT002;PROGRAMA INTEGRAL NACIONAL PARA EL BIENESTAR FAMILIAR;LIN001;PROTECCIÓN INTEGRAL;SER007;CENTRO DE ACOGIDA RESIDENCIAL - USPNNA;120114;JUNÍN;HUANCAYO;EL TAMBO;232800;CAR VIDAS - JUNÍN;1;36;6;30;5;2;3;12;3;9;1;1;0;15;0;15;;;;0
2018;ENE - DIC;15/01/2019;ENT002;PROGRAMA INTEGRAL NACIONAL PARA EL BIENESTAR FAMILIAR;LIN001;PROTECCIÓN INTEGRAL;SER007;CENTRO DE ACOGIDA RESIDENCIAL - USPNNA;160108;LORETO;MAYNAS;PUNCHANA;232900;CAR VIDAS - LORETO;1;56;18;38;13;8;5;12;7;5;4;2;2;24;1;23;;;;0
2018;ENE - DIC;15/01/2019;ENT002;PROGRAMA INTEGRAL NACIONAL PARA EL BIENESTAR FAMILIAR;LIN001;PROTECCIÓN INTEGRAL;SER007;CENTRO DE ACOGIDA RESIDENCIAL - USPNNA;150136;LIMA METROPOLITANA;LIMA;SAN MIGUEL;234000;CAR VIDAS - LIMA;1;43;11;32;4;3;1;14;5;9;0;0;0;21;2;19;;;;0
2018;ENE - DIC;15/01/2019;ENT002;PROGRAMA INTEGRAL NACIONAL PARA EL BIENESTAR FAMILIAR;LIN001;PROTECCIÓN INTEGRAL;SER007;CENTRO DE ACOGIDA RESIDENCIAL - USPNNA;170102;MADRE DE DIOS;TAMBOPATA;INAMBARI;235000;CAR FLORECER;1;34;4;30;0;0;0;1;1;0;2;2;0;23;1;22;;;;3
2018;ENE - DIC;15/01/2019;ENT002;PROGRAMA INTEGRAL NACIONAL PARA EL BIENESTAR FAMILIAR;LIN001;PROTECCIÓN INTEGRAL;SER007;CENTRO DE ACOGIDA RESIDENCIAL - USPNNA;040122;AREQUIPA;AREQUIPA;SOCABAYA;236000;CAR SAN JOSÉ DE AREQUIPA 2;1;39;0;39;1;0;1;0;0;0;5;0;5;33;0;33;;;;8
2018;ENE - DIC;15/01/2019;ENT002;PROGRAMA INTEGRAL NACIONAL PARA EL BIENESTAR FAMILIAR;LIN001;PROTECCIÓN INTEGRAL;SER007;CENTRO DE ACOGIDA RESIDENCIAL - USPNNA;040101;AREQUIPA;AREQUIPA;AREQUIPA;412300;SAGRADA FAMILIA;;3;3;0;0;0;0;0;0;0;0;0;0;0;0;0;;;;0
2019;ENE - DIC;14/01/2020;ENT002;PROGRAMA INTEGRAL NACIONAL PARA EL BIENESTAR FAMILIAR;LIN001;PROTECCIÓN INTEGRAL;SER007;CENTRO DE ATENCIÓN RESIDENCIAL - USPNNA;070102;CALLAO;CALLAO;BELLAVISTA;110701;HOGAR SAN ANTONIO;1;92;47;45;0;0;0;7;2;5;39;22;17;35;22;13;11;1;10;13
2019;ENE - DIC;14/01/2020;ENT002;PROGRAMA INTEGRAL NACIONAL PARA EL BIENESTAR FAMILIAR;LIN001;PROTECCIÓN INTEGRAL;SER007;CENTRO DE ATENCIÓN RESIDENCIAL - USPNNA;150136;LIMA;LIMA;SAN MIGUEL;111501;HOGAR ERMELINDA HOGARRERA;1;163;0;163;0;0;0;0;0;0;0;0;0;106;0;106;57;0;57;17
2019;ENE - DIC;14/01/2020;ENT002;PROGRAMA INTEGRAL NACIONAL PARA EL BIENESTAR FAMILIAR;LIN001;PROTECCIÓN INTEGRAL;SER007;CENTRO DE ATENCIÓN RESIDENCIAL - USPNNA;150136;LIMA;LIMA;SAN MIGUEL;111502;HOGAR DIVINO JESÚS;1;94;51;43;13;7;6;59;29;30;19;12;7;3;3;0;0;0;0;7
2019;ENE - DIC;14/01/2020;ENT002;PROGRAMA INTEGRAL NACIONAL PARA EL BIENESTAR FAMILIAR;LIN001;PROTECCIÓN INTEGRAL;SER007;CENTRO DE ATENCIÓN RESIDENCIAL - USPNNA;150121;LIMA;LIMA;PUEBLO LIBRE;111503;HOGAR ARCO IRIS;1;50;9;41;0;0;0;14;5;9;29;4;25;7;0;7;0;0;0;4
2019;ENE - DIC;14/01/2020;ENT002;PROGRAMA INTEGRAL NACIONAL PARA EL BIENESTAR FAMILIAR;LIN001;PROTECCIÓN INTEGRAL;SER007;CENTRO DE ATENCIÓN RESIDENCIAL - USPNNA;150136;LIMA;LIMA;SAN MIGUEL;111504;HOGAR SAN MIGUEL ARCÁNGEL;1;81;36;45;0;0;0;9;5;4;28;15;13;36;14;22;8;2;6;6
2019;ENE - DIC;14/01/2020;ENT002;PROGRAMA INTEGRAL NACIONAL PARA EL BIENESTAR FAMILIAR;LIN001;PROTECCIÓN INTEGRAL;SER007;CENTRO DE ATENCIÓN RESIDENCIAL - USPNNA;150117;LIMA;LIMA;LOS OLIVOS;111505;HOGAR SAGRADO CORAZÓN DE JESÚS;1;51;0;51;0;0;0;0;0;0;1;0;1;44;0;44;6;0;6;10
2019;ENE - DIC;14/01/2020;ENT002;PROGRAMA INTEGRAL NACIONAL PARA EL BIENESTAR FAMILIAR;LIN001;PROTECCIÓN INTEGRAL;SER007;CENTRO DE ATENCIÓN RESIDENCIAL - USPNNA;150103;LIMA;LIMA;ATE;111507;HOGAR SAN RIHOGARDO;1;82;61;21;0;0;0;0;0;0;9;6;3;60;46;14;13;9;4;13
2019;ENE - DIC;14/01/2020;ENT002;PROGRAMA INTEGRAL NACIONAL PARA EL BIENESTAR FAMILIAR;LIN001;PROTECCIÓN INTEGRAL;SER007;CENTRO DE ATENCIÓN RESIDENCIAL - USPNNA;150103;LIMA;LIMA;ATE;111508;HOGAR CASA ESTANCIA DOMI;1;53;12;41;11;6;5;11;6;5;1;0;1;22;0;22;8;0;8;14
2019;ENE - DIC;14/01/2020;ENT002;PROGRAMA INTEGRAL NACIONAL PARA EL BIENESTAR FAMILIAR;LIN001;PROTECCIÓN INTEGRAL;SER007;CENTRO DE ATENCIÓN RESIDENCIAL - USPNNA;150108;LIMA;LIMA;CHORRILLOS;111509;HOGAR NIÑO JESUS DE PRAGA - CHORRILLOS;1;35;0;35;0;0;0;2;0;2;19;0;19;14;0;14;0;0;0;9
2019;ENE - DIC;14/01/2020;ENT002;PROGRAMA INTEGRAL NACIONAL PARA EL BIENESTAR FAMILIAR;LIN001;PROTECCIÓN INTEGRAL;SER007;CENTRO DE ATENCIÓN RESIDENCIAL - USPNNA;150135;LIMA;LIMA;SAN MARTÍN DE PORRES;111510;HOGAR GRACIA;1;52;0;52;0;0;0;0;0;0;0;0;0;44;0;44;8;0;8;12
2019;ENE - DIC;14/01/2020;ENT002;PROGRAMA INTEGRAL NACIONAL PARA EL BIENESTAR FAMILIAR;LIN001;PROTECCIÓN INTEGRAL;SER007;CENTRO DE ATENCIÓN RESIDENCIAL - USPNNA;150127;LIMA;LIMA;PUNTA NEGRA;111506;HOGAR GRACIA II;1;23;7;16;0;0;0;0;0;0;0;0;0;19;6;13;4;1;3;4
2019;ENE - DIC;14/01/2020;ENT002;PROGRAMA INTEGRAL NACIONAL PARA EL BIENESTAR FAMILIAR;LIN001;PROTECCIÓN INTEGRAL;SER007;CENTRO DE ATENCIÓN RESIDENCIAL - USPNNA;021809;ANCASH;SANTA;NUEVO CHIMBOTE;110201;HOGAR SAN PEDRITO;1;95;33;62;0;0;0;4;2;2;20;8;12;60;19;41;11;4;7;10
2019;ENE - DIC;14/01/2020;ENT002;PROGRAMA INTEGRAL NACIONAL PARA EL BIENESTAR FAMILIAR;LIN001;PROTECCIÓN INTEGRAL;SER007;CENTRO DE ATENCIÓN RESIDENCIAL - USPNNA;040101;AREQUIPA;AREQUIPA;AREQUIPA;110401;HOGAR SAN LUIS GONZAGA;1;80;80;0;0;0;0;0;0;0;5;5;0;65;65;0;10;10;0;25
2019;ENE - DIC;14/01/2020;ENT002;PROGRAMA INTEGRAL NACIONAL PARA EL BIENESTAR FAMILIAR;LIN001;PROTECCIÓN INTEGRAL;SER007;CENTRO DE ATENCIÓN RESIDENCIAL - USPNNA;040122;AREQUIPA;AREQUIPA;SOCABAYA;110402;HOGAR SAN JOSÉ AREQUIPA 2;1;80;0;80;0;0;0;6;0;6;4;0;4;60;0;60;10;0;10;25
2019;ENE - DIC;14/01/2020;ENT002;PROGRAMA INTEGRAL NACIONAL PARA EL BIENESTAR FAMILIAR;LIN001;PROTECCIÓN INTEGRAL;SER007;CENTRO DE ATENCIÓN RESIDENCIAL - USPNNA;050101;AYACUCHO;HUAMANGA;AYACUCHO;110501;HOGAR URPI;1;61;61;0;0;0;0;3;3;0;31;31;0;26;26;0;1;1;0;27
2019;ENE - DIC;14/01/2020;ENT002;PROGRAMA INTEGRAL NACIONAL PARA EL BIENESTAR FAMILIAR;LIN001;PROTECCIÓN INTEGRAL;SER007;CENTRO DE ATENCIÓN RESIDENCIAL - USPNNA;080101;CUSCO;CUSCO;CUSCO;110802;HOGAR BUEN PASTOR;1;93;0;93;0;0;0;0;0;0;0;0;0;86;0;86;7;0;7;33
2019;ENE - DIC;14/01/2020;ENT002;PROGRAMA INTEGRAL NACIONAL PARA EL BIENESTAR FAMILIAR;LIN001;PROTECCIÓN INTEGRAL;SER007;CENTRO DE ATENCIÓN RESIDENCIAL - USPNNA;080106;CUSCO;CUSCO;SANTIAGO;110801;HOGAR JESÚS MI LUZ;1;45;45;0;0;0;0;0;0;0;21;21;0;22;22;0;2;2;0;12
2019;ENE - DIC;14/01/2020;ENT002;PROGRAMA INTEGRAL NACIONAL PARA EL BIENESTAR FAMILIAR;LIN001;PROTECCIÓN INTEGRAL;SER007;CENTRO DE ATENCIÓN RESIDENCIAL - USPNNA;080910;CUSCO;LA CONVENCIÓN;PICHARI;110803;HOGAR ESPERANZA DE PICHARI;1;38;17;21;0;0;0;9;5;4;22;9;13;7;3;4;0;0;0;1
2019;ENE - DIC;14/01/2020;ENT002;PROGRAMA INTEGRAL NACIONAL PARA EL BIENESTAR FAMILIAR;LIN001;PROTECCIÓN INTEGRAL;SER007;CENTRO DE ATENCIÓN RESIDENCIAL - USPNNA;100601;HUANUCO;LEONCIO PRADO;RUPA RUPA;111002;HOGAR SANTA TERESITA DEL NIÑO JESÚS;1;94;34;60;2;1;1;6;3;3;20;7;13;65;22;43;1;1;0;15
2019;ENE - DIC;14/01/2020;ENT002;PROGRAMA INTEGRAL NACIONAL PARA EL BIENESTAR FAMILIAR;LIN001;PROTECCIÓN INTEGRAL;SER007;CENTRO DE ATENCIÓN RESIDENCIAL - USPNNA;100101;HUANUCO;HUANUCO;HUANUCO;111001;HOGAR PILLCO MOZO;1;42;27;15;0;0;0;4;4;0;23;15;8;14;7;7;1;1;0;2
2019;ENE - DIC;14/01/2020;ENT002;PROGRAMA INTEGRAL NACIONAL PARA EL BIENESTAR FAMILIAR;LIN001;PROTECCIÓN INTEGRAL;SER007;CENTRO DE ATENCIÓN RESIDENCIAL - USPNNA;110101;ICA;ICA;ICA;111101;HOGAR SEÑOR DE LUREN;1;48;48;0;0;0;0;0;0;0;7;7;0;39;39;0;2;2;0;9
2019;ENE - DIC;14/01/2020;ENT002;PROGRAMA INTEGRAL NACIONAL PARA EL BIENESTAR FAMILIAR;LIN001;PROTECCIÓN INTEGRAL;SER007;CENTRO DE ATENCIÓN RESIDENCIAL - USPNNA;110201;ICA;CHINCHA;ALTO LARAN;111102;HOGAR PAÚL HARRIS;1;83;0;83;1;0;1;0;0;0;10;0;10;55;0;55;17;0;17;8
2019;ENE - DIC;14/01/2020;ENT002;PROGRAMA INTEGRAL NACIONAL PARA EL BIENESTAR FAMILIAR;LIN001;PROTECCIÓN INTEGRAL;SER007;CENTRO DE ATENCIÓN RESIDENCIAL - USPNNA;120114;JUNIN;HUANCAYO;EL TAMBO;111201;HOGAR ANDRÉS AVELINO CÁCERES;1;56;56;0;0;0;0;0;0;0;19;19;0;32;32;0;5;5;0;14
2019;ENE - DIC;14/01/2020;ENT002;PROGRAMA INTEGRAL NACIONAL PARA EL BIENESTAR FAMILIAR;LIN001;PROTECCIÓN INTEGRAL;SER007;CENTRO DE ATENCIÓN RESIDENCIAL - USPNNA;130111;LA LIBERTAD;TRUJILLO;VICTOR LARCO HERRERA;111302;HOGAR LA NIÑA;1;72;0;72;0;0;0;0;0;0;0;0;0;67;0;67;5;0;5;18
2019;ENE - DIC;14/01/2020;ENT002;PROGRAMA INTEGRAL NACIONAL PARA EL BIENESTAR FAMILIAR;LIN001;PROTECCIÓN INTEGRAL;SER007;CENTRO DE ATENCIÓN RESIDENCIAL - USPNNA;130101;LA LIBERTAD;TRUJILLO;TRUJILLO;111301;HOGAR SAN JOSÉ;1;61;61;0;0;0;0;0;0;0;7;7;0;48;48;0;6;6;0;7
2019;ENE - DIC;14/01/2020;ENT002;PROGRAMA INTEGRAL NACIONAL PARA EL BIENESTAR FAMILIAR;LIN001;PROTECCIÓN INTEGRAL;SER007;CENTRO DE ATENCIÓN RESIDENCIAL - USPNNA;140101;LAMBAYEQUE;CHICLAYO;CHICLAYO;111403;HOGAR ROSA MARÍA CHECA;1;80;0;80;0;0;0;0;0;0;0;0;0;65;0;65;15;0;15;26
2019;ENE - DIC;14/01/2020;ENT002;PROGRAMA INTEGRAL NACIONAL PARA EL BIENESTAR FAMILIAR;LIN001;PROTECCIÓN INTEGRAL;SER007;CENTRO DE ATENCIÓN RESIDENCIAL - USPNNA;140101;LAMBAYEQUE;CHICLAYO;CHICLAYO;111402;HOGAR SAN VICENTE DE PAÚL;1;33;33;0;0;0;0;0;0;0;18;18;0;15;15;0;0;0;0;1
2019;ENE - DIC;14/01/2020;ENT002;PROGRAMA INTEGRAL NACIONAL PARA EL BIENESTAR FAMILIAR;LIN001;PROTECCIÓN INTEGRAL;SER007;CENTRO DE ATENCIÓN RESIDENCIAL - USPNNA;140112;LAMBAYEQUE;CHICLAYO;PIMENTEL;111401;HOGAR SAN JUAN BOSCO;1;44;44;0;0;0;0;0;0;0;0;0;0;35;35;0;9;9;0;2
2019;ENE - DIC;14/01/2020;ENT002;PROGRAMA INTEGRAL NACIONAL PARA EL BIENESTAR FAMILIAR;LIN001;PROTECCIÓN INTEGRAL;SER007;CENTRO DE ATENCIÓN RESIDENCIAL - USPNNA;160108;LORETO;MAYNAS;PUNCHANA;111601;HOGAR PADRE ANGEL RODRÍGUEZ;1;58;58;0;0;0;0;0;0;0;10;10;0;39;39;0;9;9;0;12
2019;ENE - DIC;14/01/2020;ENT002;PROGRAMA INTEGRAL NACIONAL PARA EL BIENESTAR FAMILIAR;LIN001;PROTECCIÓN INTEGRAL;SER007;CENTRO DE ATENCIÓN RESIDENCIAL - USPNNA;160108;LORETO;MAYNAS;PUNCHANA;111602;HOGAR SANTA LORENA;1;113;0;113;0;0;0;0;0;0;3;0;3;104;0;104;6;0;6;53
2019;ENE - DIC;14/01/2020;ENT002;PROGRAMA INTEGRAL NACIONAL PARA EL BIENESTAR FAMILIAR;LIN001;PROTECCIÓN INTEGRAL;SER007;CENTRO DE ATENCIÓN RESIDENCIAL - USPNNA;210101;PUNO;PUNO;PUNO;112101;HOGAR VÍRGEN DE FÁTIMA;1;149;4;145;5;1;4;3;3;0;10;0;10;117;0;117;14;0;14;68
2019;ENE - DIC;14/01/2020;ENT002;PROGRAMA INTEGRAL NACIONAL PARA EL BIENESTAR FAMILIAR;LIN001;PROTECCIÓN INTEGRAL;SER007;CENTRO DE ATENCIÓN RESIDENCIAL - USPNNA;210101;PUNO;PUNO;PUNO;112102;HOGAR SAN MARTÍN DE PORRES;1;57;57;0;0;0;0;0;0;0;0;0;0;51;51;0;6;6;0;28
2019;ENE - DIC;14/01/2020;ENT002;PROGRAMA INTEGRAL NACIONAL PARA EL BIENESTAR FAMILIAR;LIN001;PROTECCIÓN INTEGRAL;SER007;CENTRO DE ATENCIÓN RESIDENCIAL - USPNNA;211101;PUNO;SAN ROMAN;JULIACA;112103;HOGAR SAGRADO CORAZÓN DE JESÚS;1;27;27;0;0;0;0;0;0;0;18;18;0;9;9;0;0;0;0;11
2019;ENE - DIC;14/01/2020;ENT002;PROGRAMA INTEGRAL NACIONAL PARA EL BIENESTAR FAMILIAR;LIN001;PROTECCIÓN INTEGRAL;SER007;CENTRO DE ATENCIÓN RESIDENCIAL - USPNNA;230101;TACNA;TACNA;TACNA;112301;HOGAR SANTO DOMINGO SAVIO;1;66;26;40;0;0;0;0;0;0;0;0;0;58;21;37;8;5;3;32
2019;ENE - DIC;14/01/2020;ENT002;PROGRAMA INTEGRAL NACIONAL PARA EL BIENESTAR FAMILIAR;LIN001;PROTECCIÓN INTEGRAL;SER007;CENTRO DE ATENCIÓN RESIDENCIAL - USPNNA;240301;TUMBES;ZARUMILLA;ZARUMILLA;112401;HOGAR MEDALLA MILAGROSA;1;143;23;120;1;0;1;12;4;8;18;8;10;78;11;67;34;0;34;91
2019;ENE - DIC;14/01/2020;ENT002;PROGRAMA INTEGRAL NACIONAL PARA EL BIENESTAR FAMILIAR;LIN001;PROTECCIÓN INTEGRAL;SER007;CENTRO DE ATENCIÓN RESIDENCIAL - USPNNA;180101;MOQUEGUA;MARISCAL NIETO;MOQUEGUA;111801;HOGAR SANTA FORTUNATA;1;46;14;32;1;0;1;8;6;2;15;6;9;22;2;20;0;0;0;10
2019;ENE - DIC;14/01/2020;ENT002;PROGRAMA INTEGRAL NACIONAL PARA EL BIENESTAR FAMILIAR;LIN001;PROTECCIÓN INTEGRAL;SER007;CENTRO DE ATENCIÓN RESIDENCIAL - USPNNA;120114;JUNIN;HUANCAYO;EL TAMBO;111202;HOGAR VIDAS - JUNÍN;1;42;10;32;8;5;3;11;5;6;0;0;0;20;0;20;3;0;3;11
2019;ENE - DIC;14/01/2020;ENT002;PROGRAMA INTEGRAL NACIONAL PARA EL BIENESTAR FAMILIAR;LIN001;PROTECCIÓN INTEGRAL;SER007;CENTRO DE ATENCIÓN RESIDENCIAL - USPNNA;160108;LORETO;MAYNAS;PUNCHANA;111603;HOGAR VIDAS - LORETO;1;60;16;44;8;4;4;20;11;9;1;1;0;27;0;27;4;0;4;20
2019;ENE - DIC;14/01/2020;ENT002;PROGRAMA INTEGRAL NACIONAL PARA EL BIENESTAR FAMILIAR;LIN001;PROTECCIÓN INTEGRAL;SER007;CENTRO DE ATENCIÓN RESIDENCIAL - USPNNA;150136;LIMA;LIMA;SAN MIGUEL;111511;HOGAR VIDAS - LIMA;1;56;15;41;9;5;4;16;10;6;1;0;1;20;0;20;10;0;10;9
2019;ENE - DIC;14/01/2020;ENT002;PROGRAMA INTEGRAL NACIONAL PARA EL BIENESTAR FAMILIAR;LIN001;PROTECCIÓN INTEGRAL;SER007;CENTRO DE ATENCIÓN RESIDENCIAL - USPNNA;170102;MADRE DE DIOS;TAMBOPATA;INAMBARI-MASUKO;111701;HOGAR FLORECER;1;53;5;48;1;0;1;0;0;0;4;3;1;37;2;35;11;0;11;22
2019;ENE - DIC;14/01/2020;ENT002;PROGRAMA INTEGRAL NACIONAL PARA EL BIENESTAR FAMILIAR;LIN001;PROTECCIÓN INTEGRAL;SER007;CENTRO DE ATENCIÓN RESIDENCIAL - USPNNA;170103;MADRE DE DIOS;TAMBOPATA;LAS PIEDRAS;111702;HOGAR VÍRGEN PEREGRINA;1;47;11;36;0;0;0;1;0;1;14;8;6;31;3;28;1;0;1;22
2019;ENE - DIC;14/01/2020;ENT002;PROGRAMA INTEGRAL NACIONAL PARA EL BIENESTAR FAMILIAR;LIN001;PROTECCIÓN INTEGRAL;SER007;CENTRO DE ATENCIÓN RESIDENCIAL - USPNNA;170101;MADRE DE DIOS;TAMBOPATA;TAMBOPATA;111703;HOGAR VIRGEN DE LOURDES ;1;19;19;0;0;0;0;0;0;0;1;1;0;18;18;0;0;0;0;9
2019;ENE - DIC;14/01/2020;ENT002;PROGRAMA INTEGRAL NACIONAL PARA EL BIENESTAR FAMILIAR;LIN001;PROTECCIÓN INTEGRAL;SER007;CENTRO DE ATENCIÓN RESIDENCIAL - USPNNA;170101;MADRE DE DIOS;TAMBOPATA;TAMBOPATA;111704;HOGAR VIRGEN DE GUADALUPE;1;15;0;15;0;0;0;1;0;1;0;0;0;14;0;14;0;0;0;4
2019;ENE - DIC;14/01/2020;ENT002;PROGRAMA INTEGRAL NACIONAL PARA EL BIENESTAR FAMILIAR;LIN001;PROTECCIÓN INTEGRAL;SER007;CENTRO DE ATENCIÓN RESIDENCIAL - USPNNA;150101;LIMA;LIMA;LIMA;111512;"HOGAR ""BASICO"" MI HOGAR";1;0;0;0;0;0;0;0;0;0;0;0;0;0;0;0;0;0;0;0
2019;ENE - DIC;14/01/2020;ENT002;PROGRAMA INTEGRAL NACIONAL PARA EL BIENESTAR FAMILIAR;LIN001;PROTECCIÓN INTEGRAL;SER007;CENTRO DE ATENCIÓN RESIDENCIAL - USPNNA;150101;LIMA;LIMA;LIMA;111513;HOGAR ESPECIALIZADO MARIA AUXILIADORA - LIMA;1;1;0;1;0;0;0;0;0;0;0;0;0;1;0;1;0;0;0;0
2019;ENE - DIC;14/01/2020;ENT002;PROGRAMA INTEGRAL NACIONAL PARA EL BIENESTAR FAMILIAR;LIN001;PROTECCIÓN INTEGRAL;SER007;CENTRO DE ATENCIÓN RESIDENCIAL - USPNNA;160101;LORETO;MAYNAS;IQUITOS;111603;HOGAR ESPECIALIZADO SANTA JOSEFINA -  LORETO;1;0;0;0;0;0;0;0;0;0;0;0;0;0;0;0;0;0;0;0
2019;ENE - DIC;14/01/2020;ENT002;PROGRAMA INTEGRAL NACIONAL PARA EL BIENESTAR FAMILIAR;LIN001;PROTECCIÓN INTEGRAL;SER007;CENTRO DE ATENCIÓN RESIDENCIAL - USPNNA;210101 ;PUNO;PUNO;PUNO;112103;HOGAR ESPECIALIZADO VIRGEN DE LA CANDELARIA - PUNO;1;1;0;1;0;0;0;0;0;0;0;0;0;1;0;1;0;0;0;0
2019;ENE - DIC;14/01/2020;ENT002;PROGRAMA INTEGRAL NACIONAL PARA EL BIENESTAR FAMILIAR;LIN001;PROTECCIÓN INTEGRAL;SER007;CENTRO DE ATENCIÓN RESIDENCIAL - USPNNA;080101;CUSCO;CUSCO;CUSCO;110803;HOGAR ESPECIALIZADO NUESTRA SEÑORA DEL ROSARIO - CUSCO;1;0;0;0;0;0;0;0;0;0;0;0;0;0;0;0;0;0;0;0
2020;ENE;14/02/2020;ENT002;PROGRAMA INTEGRAL NACIONAL PARA EL BIENESTAR FAMILIAR;LIN001;PROTECCIÓN INTEGRAL;SER007;CENTRO DE ATENCIÓN RESIDENCIAL - USPNNA;070102;CALLAO;CALLAO;BELLAVISTA;110701;HOGAR SAN ANTONIO;1;62;32;30;0;0;0;4;1;3;27;15;12;23;16;7;8;0;8;3
2020;ENE;14/02/2020;ENT002;PROGRAMA INTEGRAL NACIONAL PARA EL BIENESTAR FAMILIAR;LIN001;PROTECCIÓN INTEGRAL;SER007;CENTRO DE ATENCIÓN RESIDENCIAL - USPNNA;150136;LIMA;LIMA;SAN MIGUEL;111501;HOGAR ERMELINDA HOGARRERA;1;122;0;122;0;0;0;0;0;0;0;0;0;84;0;84;38;0;38;2
2020;ENE;14/02/2020;ENT002;PROGRAMA INTEGRAL NACIONAL PARA EL BIENESTAR FAMILIAR;LIN001;PROTECCIÓN INTEGRAL;SER007;CENTRO DE ATENCIÓN RESIDENCIAL - USPNNA;150136;LIMA;LIMA;SAN MIGUEL;111502;HOGAR DIVINO JESÚS;1;69;34;35;14;6;8;37;16;21;15;9;6;3;3;0;0;0;0;0
2020;ENE;14/02/2020;ENT002;PROGRAMA INTEGRAL NACIONAL PARA EL BIENESTAR FAMILIAR;LIN001;PROTECCIÓN INTEGRAL;SER007;CENTRO DE ATENCIÓN RESIDENCIAL - USPNNA;150121;LIMA;LIMA;PUEBLO LIBRE;111503;HOGAR ARCO IRIS;1;34;5;29;0;0;0;9;3;6;16;2;14;9;0;9;0;0;0;0
2020;ENE;14/02/2020;ENT002;PROGRAMA INTEGRAL NACIONAL PARA EL BIENESTAR FAMILIAR;LIN001;PROTECCIÓN INTEGRAL;SER007;CENTRO DE ATENCIÓN RESIDENCIAL - USPNNA;150136;LIMA;LIMA;SAN MIGUEL;111504;HOGAR SAN MIGUEL ARCÁNGEL;1;76;35;41;0;0;0;9;5;4;30;17;13;34;12;22;3;1;2;3
2020;ENE;14/02/2020;ENT002;PROGRAMA INTEGRAL NACIONAL PARA EL BIENESTAR FAMILIAR;LIN001;PROTECCIÓN INTEGRAL;SER007;CENTRO DE ATENCIÓN RESIDENCIAL - USPNNA;150117;LIMA;LIMA;LOS OLIVOS;111505;HOGAR SAGRADO CORAZÓN DE JESÚS;1;35;0;35;0;0;0;0;0;0;2;0;2;32;0;32;3;0;3;5
2020;ENE;14/02/2020;ENT002;PROGRAMA INTEGRAL NACIONAL PARA EL BIENESTAR FAMILIAR;LIN001;PROTECCIÓN INTEGRAL;SER007;CENTRO DE ATENCIÓN RESIDENCIAL - USPNNA;150103;LIMA;LIMA;ATE;111507;HOGAR SAN RIHOGARDO;1;45;43;2;0;0;0;0;0;0;2;2;0;40;40;0;3;1;2;1
2020;ENE;14/02/2020;ENT002;PROGRAMA INTEGRAL NACIONAL PARA EL BIENESTAR FAMILIAR;LIN001;PROTECCIÓN INTEGRAL;SER007;CENTRO DE ATENCIÓN RESIDENCIAL - USPNNA;150103;LIMA;LIMA;ATE;111508;HOGAR CASA ESTANCIA DOMI;1;24;4;20;6;3;3;2;1;1;0;0;0;15;0;15;1;0;1;0
2020;ENE;14/02/2020;ENT002;PROGRAMA INTEGRAL NACIONAL PARA EL BIENESTAR FAMILIAR;LIN001;PROTECCIÓN INTEGRAL;SER007;CENTRO DE ATENCIÓN RESIDENCIAL - USPNNA;150108;LIMA;LIMA;CHORRILLOS;111509;HOGAR NIÑO JESUS DE PRAGA - CHORRILLOS;1;30;0;30;0;0;0;6;0;6;15;0;15;9;0;9;0;0;0;0
2020;ENE;14/02/2020;ENT002;PROGRAMA INTEGRAL NACIONAL PARA EL BIENESTAR FAMILIAR;LIN001;PROTECCIÓN INTEGRAL;SER007;CENTRO DE ATENCIÓN RESIDENCIAL - USPNNA;150135;LIMA;LIMA;SAN MARTÍN DE PORRES;111510;HOGAR GRACIA;1;23;0;23;0;0;0;0;0;0;0;0;0;21;0;21;2;0;2;3
2020;ENE;14/02/2020;ENT002;PROGRAMA INTEGRAL NACIONAL PARA EL BIENESTAR FAMILIAR;LIN001;PROTECCIÓN INTEGRAL;SER007;CENTRO DE ATENCIÓN RESIDENCIAL - USPNNA;150127;LIMA;LIMA;PUNTA NEGRA;111506;HOGAR GRACIA II;1;6;0;6;0;0;0;0;0;0;0;0;0;7;0;7;0;0;0;0
2020;ENE;14/02/2020;ENT002;PROGRAMA INTEGRAL NACIONAL PARA EL BIENESTAR FAMILIAR;LIN001;PROTECCIÓN INTEGRAL;SER007;CENTRO DE ATENCIÓN RESIDENCIAL - USPNNA;021809;ANCASH;SANTA;NUEVO CHIMBOTE;110201;HOGAR SAN PEDRITO;1;57;17;40;0;0;0;1;0;1;19;8;11;34;8;26;3;1;2;0
2020;ENE;14/02/2020;ENT002;PROGRAMA INTEGRAL NACIONAL PARA EL BIENESTAR FAMILIAR;LIN001;PROTECCIÓN INTEGRAL;SER007;CENTRO DE ATENCIÓN RESIDENCIAL - USPNNA;040101;AREQUIPA;AREQUIPA;AREQUIPA;110401;HOGAR SAN LUIS GONZAGA;1;37;37;0;0;0;0;0;0;0;5;5;0;31;31;0;1;1;0;0
2020;ENE;14/02/2020;ENT002;PROGRAMA INTEGRAL NACIONAL PARA EL BIENESTAR FAMILIAR;LIN001;PROTECCIÓN INTEGRAL;SER007;CENTRO DE ATENCIÓN RESIDENCIAL - USPNNA;040122;AREQUIPA;AREQUIPA;SOCABAYA;110402;HOGAR SAN JOSÉ AREQUIPA 2;1;41;0;41;0;0;0;2;0;2;5;0;5;34;0;34;0;0;0;2
2020;ENE;14/02/2020;ENT002;PROGRAMA INTEGRAL NACIONAL PARA EL BIENESTAR FAMILIAR;LIN001;PROTECCIÓN INTEGRAL;SER007;CENTRO DE ATENCIÓN RESIDENCIAL - USPNNA;050101;AYACUCHO;HUAMANGA;AYACUCHO;110501;HOGAR URPI;1;26;26;0;0;0;0;1;1;0;15;15;0;10;10;0;0;0;0;2
2020;ENE;14/02/2020;ENT002;PROGRAMA INTEGRAL NACIONAL PARA EL BIENESTAR FAMILIAR;LIN001;PROTECCIÓN INTEGRAL;SER007;CENTRO DE ATENCIÓN RESIDENCIAL - USPNNA;080101;CUSCO;CUSCO;CUSCO;110802;HOGAR BUEN PASTOR;1;43;0;43;0;0;0;0;0;0;0;0;0;42;0;42;2;0;2;2
2020;ENE;14/02/2020;ENT002;PROGRAMA INTEGRAL NACIONAL PARA EL BIENESTAR FAMILIAR;LIN001;PROTECCIÓN INTEGRAL;SER007;CENTRO DE ATENCIÓN RESIDENCIAL - USPNNA;080106;CUSCO;CUSCO;SANTIAGO;110801;HOGAR JESÚS MI LUZ;1;30;30;0;0;0;0;0;0;0;16;16;0;13;13;0;1;1;0;4
2020;ENE;14/02/2020;ENT002;PROGRAMA INTEGRAL NACIONAL PARA EL BIENESTAR FAMILIAR;LIN001;PROTECCIÓN INTEGRAL;SER007;CENTRO DE ATENCIÓN RESIDENCIAL - USPNNA;080910;CUSCO;LA CONVENCIÓN;PICHARI;110803;HOGAR ESPERANZA DE PICHARI;1;35;16;19;0;0;0;7;5;2;23;9;14;5;2;3;0;0;0;0
2020;ENE;14/02/2020;ENT002;PROGRAMA INTEGRAL NACIONAL PARA EL BIENESTAR FAMILIAR;LIN001;PROTECCIÓN INTEGRAL;SER007;CENTRO DE ATENCIÓN RESIDENCIAL - USPNNA;100601;HUANUCO;LEONCIO PRADO;RUPA RUPA;111002;HOGAR SANTA TERESITA DEL NIÑO JESÚS;1;67;27;40;0;0;0;4;2;2;20;7;13;42;17;25;1;1;0;2
2020;ENE;14/02/2020;ENT002;PROGRAMA INTEGRAL NACIONAL PARA EL BIENESTAR FAMILIAR;LIN001;PROTECCIÓN INTEGRAL;SER007;CENTRO DE ATENCIÓN RESIDENCIAL - USPNNA;100101;HUANUCO;HUANUCO;HUANUCO;111001;HOGAR PILLCO MOZO;1;38;27;11;0;0;0;5;4;1;22;17;5;11;6;5;0;0;0;2
2020;ENE;14/02/2020;ENT002;PROGRAMA INTEGRAL NACIONAL PARA EL BIENESTAR FAMILIAR;LIN001;PROTECCIÓN INTEGRAL;SER007;CENTRO DE ATENCIÓN RESIDENCIAL - USPNNA;110101;ICA;ICA;ICA;111101;HOGAR SEÑOR DE LUREN;1;30;30;0;0;0;0;0;0;0;4;4;0;25;25;0;1;1;0;0
2020;ENE;14/02/2020;ENT002;PROGRAMA INTEGRAL NACIONAL PARA EL BIENESTAR FAMILIAR;LIN001;PROTECCIÓN INTEGRAL;SER007;CENTRO DE ATENCIÓN RESIDENCIAL - USPNNA;110201;ICA;CHINCHA;ALTO LARAN;111102;HOGAR PAÚL HARRIS;1;51;0;51;0;0;0;0;0;0;5;0;5;42;0;42;5;0;5;4
2020;ENE;14/02/2020;ENT002;PROGRAMA INTEGRAL NACIONAL PARA EL BIENESTAR FAMILIAR;LIN001;PROTECCIÓN INTEGRAL;SER007;CENTRO DE ATENCIÓN RESIDENCIAL - USPNNA;120114;JUNIN;HUANCAYO;EL TAMBO;111201;HOGAR ANDRÉS AVELINO CÁCERES;1;38;38;0;0;0;0;0;0;0;10;10;0;23;23;0;5;5;0;1
2020;ENE;14/02/2020;ENT002;PROGRAMA INTEGRAL NACIONAL PARA EL BIENESTAR FAMILIAR;LIN001;PROTECCIÓN INTEGRAL;SER007;CENTRO DE ATENCIÓN RESIDENCIAL - USPNNA;130111;LA LIBERTAD;TRUJILLO;VICTOR LARCO HERRERA;111302;HOGAR LA NIÑA;1;45;0;45;0;0;0;0;0;0;0;0;0;47;0;47;3;0;3;1
2020;ENE;14/02/2020;ENT002;PROGRAMA INTEGRAL NACIONAL PARA EL BIENESTAR FAMILIAR;LIN001;PROTECCIÓN INTEGRAL;SER007;CENTRO DE ATENCIÓN RESIDENCIAL - USPNNA;130101;LA LIBERTAD;TRUJILLO;TRUJILLO;111301;HOGAR SAN JOSÉ;1;44;44;0;0;0;0;0;0;0;6;6;0;37;37;0;1;1;0;1
2020;ENE;14/02/2020;ENT002;PROGRAMA INTEGRAL NACIONAL PARA EL BIENESTAR FAMILIAR;LIN001;PROTECCIÓN INTEGRAL;SER007;CENTRO DE ATENCIÓN RESIDENCIAL - USPNNA;140101;LAMBAYEQUE;CHICLAYO;CHICLAYO;111403;HOGAR ROSA MARÍA CHECA;1;36;0;36;0;0;0;0;0;0;0;0;0;35;0;35;1;0;1;0
2020;ENE;14/02/2020;ENT002;PROGRAMA INTEGRAL NACIONAL PARA EL BIENESTAR FAMILIAR;LIN001;PROTECCIÓN INTEGRAL;SER007;CENTRO DE ATENCIÓN RESIDENCIAL - USPNNA;140101;LAMBAYEQUE;CHICLAYO;CHICLAYO;111402;HOGAR SAN VICENTE DE PAÚL;1;26;26;0;0;0;0;0;0;0;14;14;0;12;12;0;0;0;0;0
2020;ENE;14/02/2020;ENT002;PROGRAMA INTEGRAL NACIONAL PARA EL BIENESTAR FAMILIAR;LIN001;PROTECCIÓN INTEGRAL;SER007;CENTRO DE ATENCIÓN RESIDENCIAL - USPNNA;140112;LAMBAYEQUE;CHICLAYO;PIMENTEL;111401;HOGAR SAN JUAN BOSCO;1;38;38;0;0;0;0;0;0;0;0;0;0;32;32;0;7;7;0;0
2020;ENE;14/02/2020;ENT002;PROGRAMA INTEGRAL NACIONAL PARA EL BIENESTAR FAMILIAR;LIN001;PROTECCIÓN INTEGRAL;SER007;CENTRO DE ATENCIÓN RESIDENCIAL - USPNNA;160108;LORETO;MAYNAS;PUNCHANA;111601;HOGAR PADRE ANGEL RODRÍGUEZ;1;35;35;0;0;0;0;0;0;0;4;4;0;28;28;0;3;3;0;0
2020;ENE;14/02/2020;ENT002;PROGRAMA INTEGRAL NACIONAL PARA EL BIENESTAR FAMILIAR;LIN001;PROTECCIÓN INTEGRAL;SER007;CENTRO DE ATENCIÓN RESIDENCIAL - USPNNA;160108;LORETO;MAYNAS;PUNCHANA;111602;HOGAR SANTA LORENA;1;50;0;50;0;0;0;0;0;0;1;0;1;48;0;48;1;0;1;6
2020;ENE;14/02/2020;ENT002;PROGRAMA INTEGRAL NACIONAL PARA EL BIENESTAR FAMILIAR;LIN001;PROTECCIÓN INTEGRAL;SER007;CENTRO DE ATENCIÓN RESIDENCIAL - USPNNA;210101;PUNO;PUNO;PUNO;112101;HOGAR VÍRGEN DE FÁTIMA;1;74;2;72;2;1;1;1;1;0;7;0;7;61;0;61;3;0;3;12
2020;ENE;14/02/2020;ENT002;PROGRAMA INTEGRAL NACIONAL PARA EL BIENESTAR FAMILIAR;LIN001;PROTECCIÓN INTEGRAL;SER007;CENTRO DE ATENCIÓN RESIDENCIAL - USPNNA;210101;PUNO;PUNO;PUNO;112102;HOGAR SAN MARTÍN DE PORRES;1;24;24;0;0;0;0;0;0;0;0;0;0;24;24;0;0;0;0;3
2020;ENE;14/02/2020;ENT002;PROGRAMA INTEGRAL NACIONAL PARA EL BIENESTAR FAMILIAR;LIN001;PROTECCIÓN INTEGRAL;SER007;CENTRO DE ATENCIÓN RESIDENCIAL - USPNNA;211101;PUNO;SAN ROMAN;JULIACA;112103;HOGAR SAGRADO CORAZÓN DE JESÚS;1;13;13;0;0;0;0;0;0;0;7;7;0;6;6;0;0;0;0;3
2020;ENE;14/02/2020;ENT002;PROGRAMA INTEGRAL NACIONAL PARA EL BIENESTAR FAMILIAR;LIN001;PROTECCIÓN INTEGRAL;SER007;CENTRO DE ATENCIÓN RESIDENCIAL - USPNNA;230101;TACNA;TACNA;TACNA;112301;HOGAR SANTO DOMINGO SAVIO;1;27;10;17;0;0;0;0;0;0;0;0;0;27;10;17;0;0;0;1
2020;ENE;14/02/2020;ENT002;PROGRAMA INTEGRAL NACIONAL PARA EL BIENESTAR FAMILIAR;LIN001;PROTECCIÓN INTEGRAL;SER007;CENTRO DE ATENCIÓN RESIDENCIAL - USPNNA;240301;TUMBES;ZARUMILLA;ZARUMILLA;112401;HOGAR MEDALLA MILAGROSA;1;35;7;28;0;0;0;3;1;2;4;2;2;27;4;23;1;0;1;2
2020;ENE;14/02/2020;ENT002;PROGRAMA INTEGRAL NACIONAL PARA EL BIENESTAR FAMILIAR;LIN001;PROTECCIÓN INTEGRAL;SER007;CENTRO DE ATENCIÓN RESIDENCIAL - USPNNA;180101;MOQUEGUA;MARISCAL NIETO;MOQUEGUA;111801;HOGAR SANTA FORTUNATA;1;33;12;21;1;1;0;5;4;1;12;5;7;15;2;13;0;0;0;0
2020;ENE;14/02/2020;ENT002;PROGRAMA INTEGRAL NACIONAL PARA EL BIENESTAR FAMILIAR;LIN001;PROTECCIÓN INTEGRAL;SER007;CENTRO DE ATENCIÓN RESIDENCIAL - USPNNA;120114;JUNIN;HUANCAYO;EL TAMBO;111202;HOGAR VIDAS - JUNÍN;1;24;7;17;5;3;2;6;4;2;0;0;0;13;0;13;0;0;0;2
2020;ENE;14/02/2020;ENT002;PROGRAMA INTEGRAL NACIONAL PARA EL BIENESTAR FAMILIAR;LIN001;PROTECCIÓN INTEGRAL;SER007;CENTRO DE ATENCIÓN RESIDENCIAL - USPNNA;160108;LORETO;MAYNAS;PUNCHANA;111603;HOGAR VIDAS - LORETO;1;33;10;23;5;1;4;11;9;2;0;0;0;17;0;17;0;0;0;3
2020;ENE;14/02/2020;ENT002;PROGRAMA INTEGRAL NACIONAL PARA EL BIENESTAR FAMILIAR;LIN001;PROTECCIÓN INTEGRAL;SER007;CENTRO DE ATENCIÓN RESIDENCIAL - USPNNA;150136;LIMA;LIMA;SAN MIGUEL;111511;HOGAR VIDAS - LIMA;1;37;9;28;6;3;3;12;6;6;0;0;0;17;0;17;3;0;3;1
2020;ENE;14/02/2020;ENT002;PROGRAMA INTEGRAL NACIONAL PARA EL BIENESTAR FAMILIAR;LIN001;PROTECCIÓN INTEGRAL;SER007;CENTRO DE ATENCIÓN RESIDENCIAL - USPNNA;170102;MADRE DE DIOS;TAMBOPATA;INAMBARI-MASUKO;111701;HOGAR FLORECER;1;18;0;18;1;0;1;0;0;0;0;0;0;17;0;17;0;0;0;3
2020;ENE;14/02/2020;ENT002;PROGRAMA INTEGRAL NACIONAL PARA EL BIENESTAR FAMILIAR;LIN001;PROTECCIÓN INTEGRAL;SER007;CENTRO DE ATENCIÓN RESIDENCIAL - USPNNA;170103;MADRE DE DIOS;TAMBOPATA;LAS PIEDRAS;111702;HOGAR VÍRGEN PEREGRINA;1;20;5;15;0;0;0;1;0;1;8;5;3;11;0;11;0;0;0;1
2020;ENE;14/02/2020;ENT002;PROGRAMA INTEGRAL NACIONAL PARA EL BIENESTAR FAMILIAR;LIN001;PROTECCIÓN INTEGRAL;SER007;CENTRO DE ATENCIÓN RESIDENCIAL - USPNNA;170101;MADRE DE DIOS;TAMBOPATA;TAMBOPATA;111703;HOGAR VIRGEN DE LOURDES ;1;15;15;0;0;0;0;0;0;0;0;0;0;15;15;0;0;0;0;0
2020;ENE;14/02/2020;ENT002;PROGRAMA INTEGRAL NACIONAL PARA EL BIENESTAR FAMILIAR;LIN001;PROTECCIÓN INTEGRAL;SER007;CENTRO DE ATENCIÓN RESIDENCIAL - USPNNA;170101;MADRE DE DIOS;TAMBOPATA;TAMBOPATA;111704;HOGAR VIRGEN DE GUADALUPE;1;14;0;14;0;0;0;0;0;0;0;0;0;14;0;14;0;0;0;4
2020;ENE;14/02/2020;ENT002;PROGRAMA INTEGRAL NACIONAL PARA EL BIENESTAR FAMILIAR;LIN001;PROTECCIÓN INTEGRAL;SER007;CENTRO DE ATENCIÓN RESIDENCIAL - USPNNA;150101;LIMA;LIMA;LIMA;111513;HOGAR ESPECIALIZADO MISKY ILLARIY;1;10;0;10;0;0;0;0;0;0;0;0;0;10;0;10;0;0;0;2
2020;ENE;14/02/2020;ENT002;PROGRAMA INTEGRAL NACIONAL PARA EL BIENESTAR FAMILIAR;LIN001;PROTECCIÓN INTEGRAL;SER007;CENTRO DE ATENCIÓN RESIDENCIAL - USPNNA;160101;LORETO;MAYNAS;IQUITOS;111603;HOGAR ESPECIALIZADO LUCES DE ESPERANZA;1;7;0;7;0;0;0;0;0;0;0;0;0;7;0;7;0;0;0;0
2020;ENE;14/02/2020;ENT002;PROGRAMA INTEGRAL NACIONAL PARA EL BIENESTAR FAMILIAR;LIN001;PROTECCIÓN INTEGRAL;SER007;CENTRO DE ATENCIÓN RESIDENCIAL - USPNNA;210101 ;PUNO;PUNO;PUNO;112103;HOGAR ESPECIALIZADO RIJCHAIY;1;2;0;2;0;0;0;0;0;0;0;0;0;4;0;4;0;0;0;2
2020;ENE;14/02/2020;ENT002;PROGRAMA INTEGRAL NACIONAL PARA EL BIENESTAR FAMILIAR;LIN001;PROTECCIÓN INTEGRAL;SER007;CENTRO DE ATENCIÓN RESIDENCIAL - USPNNA;080101;CUSCO;CUSCO;CUSCO;110803;HOGAR ESPECIALIZADO T'IKARINSUNCHIS;1;7;0;7;0;0;0;0;0;0;0;0;0;7;0;7;0;0;0;0
